-- Vocab SQL Generated at 2026-05-23T18:52:08.887692
SET NAMES utf8mb4;

INSERT INTO `vocab_word` (id, word, word_traditional, pinyin, audio_id, hsk_level, create_time, update_time) VALUES (1, '阿拉伯文', NULL, 'Ālābówén', NULL, NULL, NOW(), NOW());
INSERT INTO `vocab_sense` (id, word_id, part_of_speech, chinese_def, def_audio_id, translations, synonyms, antonyms, related_forward, related_backward, sense_order, create_time, update_time) VALUES (1, 1, 'n.', '阿拉伯民族使用的语言。简称“阿文”。', NULL, '[{"lang": "en", "text": "Arabic language"}]', NULL, NULL, NULL, NULL, 0, NOW(), NOW());
INSERT INTO `vocab_structure` (id, word_id, sense_id, pattern, structure_order, create_time, update_time) VALUES (1, 1, 1, 'V（说/会/学）+<key>阿拉伯文</key>', 0, NOW(), NOW());
INSERT INTO `vocab_example` (id, word_id, sense_id, structure_id, sentence, audio_id, pinyin, translations, example_order, create_time, update_time) VALUES (1, 1, 1, 1, '他会说<key>阿拉伯文</key>吗？', NULL, NULL, NULL, 0, NOW(), NOW());
INSERT INTO `vocab_word` (id, word, word_traditional, pinyin, audio_id, hsk_level, create_time, update_time) VALUES (2, NULL, NULL, NULL, NULL, NULL, NOW(), NOW());
INSERT INTO `vocab_sense` (id, word_id, part_of_speech, chinese_def, def_audio_id, translations, synonyms, antonyms, related_forward, related_backward, sense_order, create_time, update_time) VALUES (2, 2, NULL, NULL, NULL, '[{"lang": "en", "text": NaN}]', NULL, NULL, NULL, NULL, 0, NOW(), NOW());
INSERT INTO `vocab_structure` (id, word_id, sense_id, pattern, structure_order, create_time, update_time) VALUES (2, 2, 2, '<key>阿拉伯文</key>+N（书/杂志/专业/老师/翻译）', 0, NOW(), NOW());
INSERT INTO `vocab_example` (id, word_id, sense_id, structure_id, sentence, audio_id, pinyin, translations, example_order, create_time, update_time) VALUES (2, 2, 2, 2, '王老师是我们的<key>阿拉伯文</key>老师。', NULL, NULL, NULL, 0, NOW(), NOW());
INSERT INTO `vocab_sense` (id, word_id, part_of_speech, chinese_def, def_audio_id, translations, synonyms, antonyms, related_forward, related_backward, sense_order, create_time, update_time) VALUES (3, 2, 'n.', '记录阿拉伯语的文字。', NULL, '[{"lang": "en", "text": "Arabic script"}]', NULL, NULL, NULL, NULL, 0, NOW(), NOW());
INSERT INTO `vocab_structure` (id, word_id, sense_id, pattern, structure_order, create_time, update_time) VALUES (3, 2, 3, '用+<key>阿拉伯文</key>+写', 0, NOW(), NOW());
INSERT INTO `vocab_example` (id, word_id, sense_id, structure_id, sentence, audio_id, pinyin, translations, example_order, create_time, update_time) VALUES (3, 2, 3, 3, '这本书是用<key>阿拉伯文</key>写的，你能翻译一下吗？', NULL, NULL, NULL, 0, NOW(), NOW());
INSERT INTO `vocab_structure` (id, word_id, sense_id, pattern, structure_order, create_time, update_time) VALUES (4, 2, 2, '<key>阿拉伯文</key>+很+漂亮/难写/好写', 0, NOW(), NOW());
INSERT INTO `vocab_example` (id, word_id, sense_id, structure_id, sentence, audio_id, pinyin, translations, example_order, create_time, update_time) VALUES (4, 2, 2, 4, '我觉得<key>阿拉伯文</key>很漂亮。', NULL, NULL, NULL, 0, NOW(), NOW());
INSERT INTO `vocab_word` (id, word, word_traditional, pinyin, audio_id, hsk_level, create_time, update_time) VALUES (3, '阿拉伯语', NULL, 'Ālābóyǔ', NULL, NULL, NOW(), NOW());
INSERT INTO `vocab_sense` (id, word_id, part_of_speech, chinese_def, def_audio_id, translations, synonyms, antonyms, related_forward, related_backward, sense_order, create_time, update_time) VALUES (4, 3, 'n.', '阿拉伯民族使用的语言，简称“阿语”。', NULL, '[{"lang": "en", "text": "Arabic language"}]', NULL, NULL, NULL, NULL, 0, NOW(), NOW());
INSERT INTO `vocab_structure` (id, word_id, sense_id, pattern, structure_order, create_time, update_time) VALUES (5, 3, 4, 'V（说/会/学）+<key>阿拉伯语</key>', 0, NOW(), NOW());
INSERT INTO `vocab_example` (id, word_id, sense_id, structure_id, sentence, audio_id, pinyin, translations, example_order, create_time, update_time) VALUES (5, 3, 4, 5, '她正在学<key>阿拉伯语</key>。', NULL, NULL, NULL, 0, NOW(), NOW());
INSERT INTO `vocab_structure` (id, word_id, sense_id, pattern, structure_order, create_time, update_time) VALUES (6, 2, 2, '<key>阿拉伯语</key>+N（书/杂志/专业/学生/老师/翻译/电影）', 0, NOW(), NOW());
INSERT INTO `vocab_example` (id, word_id, sense_id, structure_id, sentence, audio_id, pinyin, translations, example_order, create_time, update_time) VALUES (6, 2, 2, 6, '这是一部<key>阿拉伯语</key>电影。', NULL, NULL, NULL, 0, NOW(), NOW());
INSERT INTO `vocab_word` (id, word, word_traditional, pinyin, audio_id, hsk_level, create_time, update_time) VALUES (4, '阿姨', NULL, 'āyí', NULL, NULL, NOW(), NOW());
INSERT INTO `vocab_sense` (id, word_id, part_of_speech, chinese_def, def_audio_id, translations, synonyms, antonyms, related_forward, related_backward, sense_order, create_time, update_time) VALUES (5, 4, 'n.', '〈非正式〉称呼和自己妈妈年龄差不多的女性，一般没有亲戚关系。', NULL, '[{"lang": "en", "text": "auntie; a form of address for a woman of one\'s parents\' generation"}]', NULL, NULL, NULL, NULL, 0, NOW(), NOW());
INSERT INTO `vocab_structure` (id, word_id, sense_id, pattern, structure_order, create_time, update_time) VALUES (7, 4, 5, 'Modifier（Surname/售货员/售票员/警察/护士）+<key>阿姨</key>', 0, NOW(), NOW());
INSERT INTO `vocab_example` (id, word_id, sense_id, structure_id, sentence, audio_id, pinyin, translations, example_order, create_time, update_time) VALUES (7, 4, 5, 7, '李<key>阿姨</key>和张<key>阿姨</key>是同事。', NULL, NULL, NULL, 0, NOW(), NOW());
INSERT INTO `vocab_structure` (id, word_id, sense_id, pattern, structure_order, create_time, update_time) VALUES (8, 2, 2, '<key>阿姨</key>，…', 0, NOW(), NOW());
INSERT INTO `vocab_example` (id, word_id, sense_id, structure_id, sentence, audio_id, pinyin, translations, example_order, create_time, update_time) VALUES (8, 2, 2, 8, 'A：玲玲，我们回家了，跟<key>阿姨</key>再见。<br/>B：嗯。<key>阿姨</key>，再见！', NULL, NULL, NULL, 0, NOW(), NOW());
INSERT INTO `vocab_structure` (id, word_id, sense_id, pattern, structure_order, create_time, update_time) VALUES (9, 2, 3, 'Modifier（小时工/幼儿园/学前班）+<key>阿姨</key>', 0, NOW(), NOW());
INSERT INTO `vocab_example` (id, word_id, sense_id, structure_id, sentence, audio_id, pinyin, translations, example_order, create_time, update_time) VALUES (9, 2, 3, 9, '他们家有两个<key>阿姨</key>，一个负责做饭，一个负责打扫卫生。', NULL, NULL, NULL, 0, NOW(), NOW());
INSERT INTO `vocab_structure` (id, word_id, sense_id, pattern, structure_order, create_time, update_time) VALUES (10, 2, 2, '<key>阿姨</key>，…', 0, NOW(), NOW());
INSERT INTO `vocab_example` (id, word_id, sense_id, structure_id, sentence, audio_id, pinyin, translations, example_order, create_time, update_time) VALUES (10, 2, 2, 10, '<key>阿姨</key>，今天多做几个菜，我有几个朋友来做客。', NULL, NULL, NULL, 0, NOW(), NOW());
INSERT INTO `vocab_word` (id, word, word_traditional, pinyin, audio_id, hsk_level, create_time, update_time) VALUES (5, '啊', NULL, '·a', NULL, NULL, NOW(), NOW());
INSERT INTO `vocab_sense` (id, word_id, part_of_speech, chinese_def, def_audio_id, translations, synonyms, antonyms, related_forward, related_backward, sense_order, create_time, update_time) VALUES (6, 5, 'm.p.', '用在句子的最后，表示不同的语气。', NULL, '[{"lang": "en", "text": "used at the end of the sentences to show different tones"}]', NULL, NULL, NULL, NULL, 0, NOW(), NOW());
INSERT INTO `vocab_structure` (id, word_id, sense_id, pattern, structure_order, create_time, update_time) VALUES (11, 5, 6, 'Exclamatory Sentence+<key>啊</key>：加强语气', 0, NOW(), NOW());
INSERT INTO `vocab_example` (id, word_id, sense_id, structure_id, sentence, audio_id, pinyin, translations, example_order, create_time, update_time) VALUES (11, 5, 6, 11, '多美的姑娘<key>啊</key>！', NULL, NULL, NULL, 0, NOW(), NOW());
INSERT INTO `vocab_structure` (id, word_id, sense_id, pattern, structure_order, create_time, update_time) VALUES (12, 2, 2, 'Declarative Sentence+<key>啊</key>：表达说话者吃惊、赞叹或者生气的态度', 0, NOW(), NOW());
INSERT INTO `vocab_example` (id, word_id, sense_id, structure_id, sentence, audio_id, pinyin, translations, example_order, create_time, update_time) VALUES (12, 2, 2, 12, '你生什么气啊？我没怪你<key>啊</key>！', NULL, NULL, NULL, 0, NOW(), NOW());
INSERT INTO `vocab_structure` (id, word_id, sense_id, pattern, structure_order, create_time, update_time) VALUES (13, 2, 2, 'Imperative Sentence+<key>啊</key>：表示提醒，或者让听话人快一点<SMALL>儿</SMALL>行动', 0, NOW(), NOW());
INSERT INTO `vocab_example` (id, word_id, sense_id, structure_id, sentence, audio_id, pinyin, translations, example_order, create_time, update_time) VALUES (13, 2, 2, 13, '小心<key>啊</key>！', NULL, NULL, NULL, 0, NOW(), NOW());
INSERT INTO `vocab_structure` (id, word_id, sense_id, pattern, structure_order, create_time, update_time) VALUES (14, 2, 2, 'Interrogative Sentence+<key>啊</key>：使语气变弱，听起来不太严厉', 0, NOW(), NOW());
INSERT INTO `vocab_example` (id, word_id, sense_id, structure_id, sentence, audio_id, pinyin, translations, example_order, create_time, update_time) VALUES (14, 2, 2, 14, '你什么时候把书还给我<key>啊</key>？', NULL, NULL, NULL, 0, NOW(), NOW());
INSERT INTO `vocab_structure` (id, word_id, sense_id, pattern, structure_order, create_time, update_time) VALUES (15, 2, 2, '……<key>啊</key>，……：提醒听话人注意下面的话', 0, NOW(), NOW());
INSERT INTO `vocab_example` (id, word_id, sense_id, structure_id, sentence, audio_id, pinyin, translations, example_order, create_time, update_time) VALUES (15, 2, 2, 15, '大家听好了<key>啊</key>，我们明天开始收报名费。', NULL, NULL, NULL, 0, NOW(), NOW());
INSERT INTO `vocab_structure` (id, word_id, sense_id, pattern, structure_order, create_time, update_time) VALUES (16, 2, 2, 'N1/V1+<key>啊</key>，N2/V2+<key>啊</key>，N3/V3+<key>啊</key>：表示列举', 0, NOW(), NOW());
INSERT INTO `vocab_example` (id, word_id, sense_id, structure_id, sentence, audio_id, pinyin, translations, example_order, create_time, update_time) VALUES (16, 2, 2, 16, '小张<key>啊</key>，小王<key>啊</key>，都是名牌大学毕业的，很能干。', NULL, NULL, NULL, 0, NOW(), NOW());
INSERT INTO `vocab_structure` (id, word_id, sense_id, pattern, structure_order, create_time, update_time) VALUES (17, 2, 2, 'V+<key>啊</key>，V+<key>啊</key>，……：表示动作的过程长', 0, NOW(), NOW());
INSERT INTO `vocab_example` (id, word_id, sense_id, structure_id, sentence, audio_id, pinyin, translations, example_order, create_time, update_time) VALUES (17, 2, 2, 17, '大家等<key>啊</key>，等<key>啊</key>，终于等来了医疗队。', NULL, NULL, NULL, 0, NOW(), NOW());
INSERT INTO `vocab_structure` (id, word_id, sense_id, pattern, structure_order, create_time, update_time) VALUES (18, 5, 6, '<key>啊</key>，+Sentence', 0, NOW(), NOW());
INSERT INTO `vocab_example` (id, word_id, sense_id, structure_id, sentence, audio_id, pinyin, translations, example_order, create_time, update_time) VALUES (18, 5, 6, 18, '<key>啊</key>，他们真的成功了！', NULL, NULL, NULL, 0, NOW(), NOW());
INSERT INTO `vocab_structure` (id, word_id, sense_id, pattern, structure_order, create_time, update_time) VALUES (19, 5, 6, '<key>啊</key>？+Sentence', 0, NOW(), NOW());
INSERT INTO `vocab_example` (id, word_id, sense_id, structure_id, sentence, audio_id, pinyin, translations, example_order, create_time, update_time) VALUES (19, 5, 6, 19, '<key>啊</key>？你到底知道不知道？', NULL, NULL, NULL, 0, NOW(), NOW());
INSERT INTO `vocab_sense` (id, word_id, part_of_speech, chinese_def, def_audio_id, translations, synonyms, antonyms, related_forward, related_backward, sense_order, create_time, update_time) VALUES (7, 5, 'interj.', '表示突然明白。', NULL, '[{"lang": "en", "text": "expressing sudden realization"}]', NULL, NULL, NULL, NULL, 0, NOW(), NOW());
INSERT INTO `vocab_structure` (id, word_id, sense_id, pattern, structure_order, create_time, update_time) VALUES (20, 5, 7, '<key>啊</key>[音比较长]，+（原来/怪不得+）Sentence', 0, NOW(), NOW());
INSERT INTO `vocab_example` (id, word_id, sense_id, structure_id, sentence, audio_id, pinyin, translations, example_order, create_time, update_time) VALUES (20, 5, 7, 20, '<key>啊</key>，原来你就是小张的姐姐！', NULL, NULL, NULL, 0, NOW(), NOW());
INSERT INTO `vocab_structure` (id, word_id, sense_id, pattern, structure_order, create_time, update_time) VALUES (21, 2, 3, '<key>啊</key>[音比较短]，+Sentence', 0, NOW(), NOW());
INSERT INTO `vocab_example` (id, word_id, sense_id, structure_id, sentence, audio_id, pinyin, translations, example_order, create_time, update_time) VALUES (21, 2, 3, 21, '<key>啊</key>，好的，我们马上就来。', NULL, NULL, NULL, 0, NOW(), NOW());
INSERT INTO `vocab_word` (id, word, word_traditional, pinyin, audio_id, hsk_level, create_time, update_time) VALUES (6, '哎', NULL, 'āi', NULL, NULL, NOW(), NOW());
INSERT INTO `vocab_sense` (id, word_id, part_of_speech, chinese_def, def_audio_id, translations, synonyms, antonyms, related_forward, related_backward, sense_order, create_time, update_time) VALUES (8, 6, 'interj.', '表示惊讶或者不满意。', NULL, '[{"lang": "en", "text": "showing surprise or dissatisfaction"}]', NULL, NULL, NULL, NULL, 0, NOW(), NOW());
INSERT INTO `vocab_structure` (id, word_id, sense_id, pattern, structure_order, create_time, update_time) VALUES (22, 6, 8, '<key>哎</key>！+怎么…呢/啊', 0, NOW(), NOW());
INSERT INTO `vocab_example` (id, word_id, sense_id, structure_id, sentence, audio_id, pinyin, translations, example_order, create_time, update_time) VALUES (22, 6, 8, 22, '<key>哎</key>！你怎么能这么做呢？', NULL, NULL, NULL, 0, NOW(), NOW());
INSERT INTO `vocab_structure` (id, word_id, sense_id, pattern, structure_order, create_time, update_time) VALUES (23, 2, 2, '<key>哎</key>！+又…', 0, NOW(), NOW());
INSERT INTO `vocab_example` (id, word_id, sense_id, structure_id, sentence, audio_id, pinyin, translations, example_order, create_time, update_time) VALUES (23, 2, 2, 23, '<key>哎</key>！又下大雪了！', NULL, NULL, NULL, 0, NOW(), NOW());
INSERT INTO `vocab_structure` (id, word_id, sense_id, pattern, structure_order, create_time, update_time) VALUES (24, 2, 2, '<key>哎</key>！+Sentence', 0, NOW(), NOW());
INSERT INTO `vocab_example` (id, word_id, sense_id, structure_id, sentence, audio_id, pinyin, translations, example_order, create_time, update_time) VALUES (24, 2, 2, 24, '<key>哎</key>！他来了！我们以为他不来了呢。', NULL, NULL, NULL, 0, NOW(), NOW());
INSERT INTO `vocab_structure` (id, word_id, sense_id, pattern, structure_order, create_time, update_time) VALUES (25, 2, 3, '<key>哎</key>，+Sentence', 0, NOW(), NOW());
INSERT INTO `vocab_example` (id, word_id, sense_id, structure_id, sentence, audio_id, pinyin, translations, example_order, create_time, update_time) VALUES (25, 2, 3, 25, '<key>哎</key>，你明天考试别忘了带准考证。', NULL, NULL, NULL, 0, NOW(), NOW());
INSERT INTO `vocab_word` (id, word, word_traditional, pinyin, audio_id, hsk_level, create_time, update_time) VALUES (7, '哎呀', NULL, 'āiyā', NULL, NULL, NOW(), NOW());
INSERT INTO `vocab_sense` (id, word_id, part_of_speech, chinese_def, def_audio_id, translations, synonyms, antonyms, related_forward, related_backward, sense_order, create_time, update_time) VALUES (9, 7, 'interj.', '表示突然想起来某件事情。', NULL, '[{"lang": "en", "text": "used to show sudden remembrance"}]', NULL, NULL, NULL, NULL, 0, NOW(), NOW());
INSERT INTO `vocab_structure` (id, word_id, sense_id, pattern, structure_order, create_time, update_time) VALUES (26, 7, 9, '<key>哎呀</key>，+Sentence', 0, NOW(), NOW());
INSERT INTO `vocab_example` (id, word_id, sense_id, structure_id, sentence, audio_id, pinyin, translations, example_order, create_time, update_time) VALUES (26, 7, 9, 26, '<key>哎呀</key>，我把学生证忘在家里了！', NULL, NULL, NULL, 0, NOW(), NOW());
INSERT INTO `vocab_structure` (id, word_id, sense_id, pattern, structure_order, create_time, update_time) VALUES (27, 2, 3, '<key>哎呀</key>，+Sentence', 0, NOW(), NOW());
INSERT INTO `vocab_example` (id, word_id, sense_id, structure_id, sentence, audio_id, pinyin, translations, example_order, create_time, update_time) VALUES (27, 2, 3, 27, '<key>哎呀</key>，他能力那么差竟然当上经理了！', NULL, NULL, NULL, 0, NOW(), NOW());
INSERT INTO `vocab_sense` (id, word_id, part_of_speech, chinese_def, def_audio_id, translations, synonyms, antonyms, related_forward, related_backward, sense_order, create_time, update_time) VALUES (10, 2, 'interj.', '表示生气、不满意或者为难。', NULL, '[{"lang": "en", "text": "showing anger, dissatisfaction or embarrassment"}]', NULL, NULL, NULL, NULL, 0, NOW(), NOW());
INSERT INTO `vocab_structure` (id, word_id, sense_id, pattern, structure_order, create_time, update_time) VALUES (28, 2, 10, '<key>哎呀</key>，+Sentence', 0, NOW(), NOW());
INSERT INTO `vocab_example` (id, word_id, sense_id, structure_id, sentence, audio_id, pinyin, translations, example_order, create_time, update_time) VALUES (28, 2, 10, 28, '<key>哎呀</key>，谁把我的衣服弄脏了？', NULL, NULL, NULL, 0, NOW(), NOW());
INSERT INTO `vocab_word` (id, word, word_traditional, pinyin, audio_id, hsk_level, create_time, update_time) VALUES (8, '哎哟', NULL, 'āiyō', NULL, NULL, NOW(), NOW());
INSERT INTO `vocab_sense` (id, word_id, part_of_speech, chinese_def, def_audio_id, translations, synonyms, antonyms, related_forward, related_backward, sense_order, create_time, update_time) VALUES (11, 8, 'interj.', '表示吃惊或者令人同情、可惜。', NULL, '[{"lang": "en", "text": "expressing surprise or sympathy"}]', NULL, NULL, NULL, NULL, 0, NOW(), NOW());
INSERT INTO `vocab_structure` (id, word_id, sense_id, pattern, structure_order, create_time, update_time) VALUES (29, 8, 11, '<key>哎哟</key>，+Sentence', 0, NOW(), NOW());
INSERT INTO `vocab_example` (id, word_id, sense_id, structure_id, sentence, audio_id, pinyin, translations, example_order, create_time, update_time) VALUES (29, 8, 11, 29, '<key>哎哟</key>，你还会做鱼呀？', NULL, NULL, NULL, 0, NOW(), NOW());
INSERT INTO `vocab_structure` (id, word_id, sense_id, pattern, structure_order, create_time, update_time) VALUES (30, 2, 3, '<key>哎哟</key>，+Sentence', 0, NOW(), NOW());
INSERT INTO `vocab_example` (id, word_id, sense_id, structure_id, sentence, audio_id, pinyin, translations, example_order, create_time, update_time) VALUES (30, 2, 3, 30, '<key>哎哟</key>，疼死了！你们快送我去医院吧！', NULL, NULL, NULL, 0, NOW(), NOW());
INSERT INTO `vocab_word` (id, word, word_traditional, pinyin, audio_id, hsk_level, create_time, update_time) VALUES (9, '哀悼', NULL, 'āidào', NULL, NULL, NOW(), NOW());
INSERT INTO `vocab_sense` (id, word_id, part_of_speech, chinese_def, def_audio_id, translations, synonyms, antonyms, related_forward, related_backward, sense_order, create_time, update_time) VALUES (12, 9, 'v.', '〈正式〉特别伤心地怀念死去的人。', NULL, '[{"lang": "en", "text": "to mourn for the deceased; to grieve over the dead; to lament the dead"}]', NULL, NULL, NULL, NULL, 0, NOW(), NOW());
INSERT INTO `vocab_structure` (id, word_id, sense_id, pattern, structure_order, create_time, update_time) VALUES (31, 9, 12, '<key>哀悼</key>+O（死者/死难者/遇难者）', 0, NOW(), NOW());
INSERT INTO `vocab_example` (id, word_id, sense_id, structure_id, sentence, audio_id, pinyin, translations, example_order, create_time, update_time) VALUES (31, 9, 12, 31, '政府决定降半旗<key>哀悼</key>这次恐怖袭击中的死难者。', NULL, NULL, NULL, 0, NOW(), NOW());
INSERT INTO `vocab_structure` (id, word_id, sense_id, pattern, structure_order, create_time, update_time) VALUES (32, 2, 2, '沉痛/深切/举国+<key>哀悼</key>', 0, NOW(), NOW());
INSERT INTO `vocab_example` (id, word_id, sense_id, structure_id, sentence, audio_id, pinyin, translations, example_order, create_time, update_time) VALUES (32, 2, 2, 32, '大家沉痛<key>哀悼</key>为保卫祖国而牺牲的英雄。', NULL, NULL, NULL, 0, NOW(), NOW());
INSERT INTO `vocab_structure` (id, word_id, sense_id, pattern, structure_order, create_time, update_time) VALUES (33, 2, 2, '向+Sb+表示+（深切+的+）<key>哀悼</key>', 0, NOW(), NOW());
INSERT INTO `vocab_example` (id, word_id, sense_id, structure_id, sentence, audio_id, pinyin, translations, example_order, create_time, update_time) VALUES (33, 2, 2, 33, '总统写信向遇难者家属表示深切的<key>哀悼</key>。', NULL, NULL, NULL, 0, NOW(), NOW());
INSERT INTO `vocab_word` (id, word, word_traditional, pinyin, audio_id, hsk_level, create_time, update_time) VALUES (10, '哀求', NULL, 'āiqiú', NULL, NULL, NOW(), NOW());
INSERT INTO `vocab_sense` (id, word_id, part_of_speech, chinese_def, def_audio_id, translations, synonyms, antonyms, related_forward, related_backward, sense_order, create_time, update_time) VALUES (13, 10, 'v.', '苦苦地请求。', NULL, '[{"lang": "en", "text": "to beg; to entreat; to implore"}]', NULL, NULL, NULL, NULL, 0, NOW(), NOW());
INSERT INTO `vocab_structure` (id, word_id, sense_id, pattern, structure_order, create_time, update_time) VALUES (34, 10, 13, '<key>哀求</key>+Sb+V（原谅/宽恕/同意/饶命）', 0, NOW(), NOW());
INSERT INTO `vocab_example` (id, word_id, sense_id, structure_id, sentence, audio_id, pinyin, translations, example_order, create_time, update_time) VALUES (34, 10, 13, 34, '他<key>哀求</key>女友原谅。', NULL, NULL, NULL, 0, NOW(), NOW());
INSERT INTO `vocab_structure` (id, word_id, sense_id, pattern, structure_order, create_time, update_time) VALUES (35, 2, 2, '苦苦/再三/百般/四处/一个劲<SMALL>儿</SMALL>/哭着/低声下气+（地+）<key>哀求</key>', 0, NOW(), NOW());
INSERT INTO `vocab_example` (id, word_id, sense_id, structure_id, sentence, audio_id, pinyin, translations, example_order, create_time, update_time) VALUES (35, 2, 2, 35, '小李苦苦<key>哀求</key>，希望老板能留他继续工作。', NULL, NULL, NULL, 0, NOW(), NOW());
INSERT INTO `vocab_structure` (id, word_id, sense_id, pattern, structure_order, create_time, update_time) VALUES (36, 2, 2, '<key>哀求</key>+的+N（目光/表情/口气/口吻）', 0, NOW(), NOW());
INSERT INTO `vocab_example` (id, word_id, sense_id, structure_id, sentence, audio_id, pinyin, translations, example_order, create_time, update_time) VALUES (36, 2, 2, 36, '小明<key>哀求</key>的目光让妈妈心软了，妈妈允许他再看一会<SMALL>儿</SMALL>动画片。', NULL, NULL, NULL, 0, NOW(), NOW());
INSERT INTO `vocab_word` (id, word, word_traditional, pinyin, audio_id, hsk_level, create_time, update_time) VALUES (11, '唉', NULL, 'āi', NULL, NULL, NOW(), NOW());
INSERT INTO `vocab_sense` (id, word_id, part_of_speech, chinese_def, def_audio_id, translations, synonyms, antonyms, related_forward, related_backward, sense_order, create_time, update_time) VALUES (14, 11, 'interj.', '别人叫自己的时候，用来回应别人。', NULL, '[{"lang": "en", "text": "expressing response"}]', NULL, NULL, NULL, NULL, 0, NOW(), NOW());
INSERT INTO `vocab_structure` (id, word_id, sense_id, pattern, structure_order, create_time, update_time) VALUES (37, 11, 14, 'A：名字/称呼（+Sentence）<br/>B：<key>唉</key>！+我在这<SMALL>儿</SMALL>/我就来/我马上去/我知道了', 0, NOW(), NOW());
INSERT INTO `vocab_example` (id, word_id, sense_id, structure_id, sentence, audio_id, pinyin, translations, example_order, create_time, update_time) VALUES (37, 11, 14, 37, 'A：小王！<br/>B：<key>唉</key>！我在这<SMALL>儿</SMALL>呢。', NULL, NULL, NULL, 0, NOW(), NOW());
INSERT INTO `vocab_structure` (id, word_id, sense_id, pattern, structure_order, create_time, update_time) VALUES (38, 2, 3, '<key>唉</key>！+Sentence', 0, NOW(), NOW());
INSERT INTO `vocab_example` (id, word_id, sense_id, structure_id, sentence, audio_id, pinyin, translations, example_order, create_time, update_time) VALUES (38, 2, 3, 38, '<key>唉</key>！真倒霉！', NULL, NULL, NULL, 0, NOW(), NOW());
INSERT INTO `vocab_sense` (id, word_id, part_of_speech, chinese_def, def_audio_id, translations, synonyms, antonyms, related_forward, related_backward, sense_order, create_time, update_time) VALUES (15, 11, 'interj.', '表示伤心、可惜或者遗憾。', NULL, '[{"lang": "en", "text": "expressing sadness or regret"}]', NULL, NULL, NULL, NULL, 0, NOW(), NOW());
INSERT INTO `vocab_structure` (id, word_id, sense_id, pattern, structure_order, create_time, update_time) VALUES (39, 11, 15, '<key>唉</key>，+Sentence', 0, NOW(), NOW());
INSERT INTO `vocab_example` (id, word_id, sense_id, structure_id, sentence, audio_id, pinyin, translations, example_order, create_time, update_time) VALUES (39, 11, 15, 39, '<key>唉</key>，他刚三十岁就去世了，太可惜了。', NULL, NULL, NULL, 0, NOW(), NOW());
INSERT INTO `vocab_word` (id, word, word_traditional, pinyin, audio_id, hsk_level, create_time, update_time) VALUES (12, '挨', NULL, 'āi', NULL, NULL, NOW(), NOW());
INSERT INTO `vocab_sense` (id, word_id, part_of_speech, chinese_def, def_audio_id, translations, synonyms, antonyms, related_forward, related_backward, sense_order, create_time, update_time) VALUES (16, 12, 'v.', '互相靠近，中间没有距离或者距离很小。', NULL, '[{"lang": "en", "text": "to be next to; to be close to"}]', NULL, NULL, NULL, NULL, 0, NOW(), NOW());
INSERT INTO `vocab_structure` (id, word_id, sense_id, pattern, structure_order, create_time, update_time) VALUES (40, 12, 16, '<key>挨</key>+着+V', 0, NOW(), NOW());
INSERT INTO `vocab_example` (id, word_id, sense_id, structure_id, sentence, audio_id, pinyin, translations, example_order, create_time, update_time) VALUES (40, 12, 16, 40, '小明和小刚是好朋友，他们每天上课都喜欢<key>挨</key>着坐。', NULL, NULL, NULL, 0, NOW(), NOW());
INSERT INTO `vocab_structure` (id, word_id, sense_id, pattern, structure_order, create_time, update_time) VALUES (41, 2, 2, '<key>挨</key>+着+Place/Sb', 0, NOW(), NOW());
INSERT INTO `vocab_example` (id, word_id, sense_id, structure_id, sentence, audio_id, pinyin, translations, example_order, create_time, update_time) VALUES (41, 2, 2, 41, '我家<key>挨</key>着一个小学，门口经常有学生经过。', NULL, NULL, NULL, 0, NOW(), NOW());
INSERT INTO `vocab_structure` (id, word_id, sense_id, pattern, structure_order, create_time, update_time) VALUES (42, 2, 2, '<key>挨</key>+得+很+近', 0, NOW(), NOW());
INSERT INTO `vocab_example` (id, word_id, sense_id, structure_id, sentence, audio_id, pinyin, translations, example_order, create_time, update_time) VALUES (42, 2, 2, 42, '树和房子<key>挨</key>得很近。', NULL, NULL, NULL, 0, NOW(), NOW());
INSERT INTO `vocab_structure` (id, word_id, sense_id, pattern, structure_order, create_time, update_time) VALUES (43, 2, 2, '紧（紧）+<key>挨</key>', 0, NOW(), NOW());
INSERT INTO `vocab_example` (id, word_id, sense_id, structure_id, sentence, audio_id, pinyin, translations, example_order, create_time, update_time) VALUES (43, 2, 2, 43, '天气太冷了，小羊们紧紧<key>挨</key>在一起。', NULL, NULL, NULL, 0, NOW(), NOW());
INSERT INTO `vocab_structure` (id, word_id, sense_id, pattern, structure_order, create_time, update_time) VALUES (44, 2, 3, '<key>挨</key>+着+（顺序/次序+）V', 0, NOW(), NOW());
INSERT INTO `vocab_example` (id, word_id, sense_id, structure_id, sentence, audio_id, pinyin, translations, example_order, create_time, update_time) VALUES (44, 2, 3, 44, '停车位有限，大家<key>挨</key>着停，不要留空位！', NULL, NULL, NULL, 0, NOW(), NOW());
INSERT INTO `vocab_structure` (id, word_id, sense_id, pattern, structure_order, create_time, update_time) VALUES (45, 2, 2, '<key>挨</key>+家/门+<key>挨</key>+户', 0, NOW(), NOW());
INSERT INTO `vocab_example` (id, word_id, sense_id, structure_id, sentence, audio_id, pinyin, translations, example_order, create_time, update_time) VALUES (45, 2, 2, 45, '王阿姨<key>挨</key>家<key>挨</key>户收水费。', NULL, NULL, NULL, 0, NOW(), NOW());
INSERT INTO `vocab_structure` (id, word_id, sense_id, pattern, structure_order, create_time, update_time) VALUES (46, 2, 2, '一+MW+<key>挨</key>+（着+）一+MW', 0, NOW(), NOW());
INSERT INTO `vocab_example` (id, word_id, sense_id, structure_id, sentence, audio_id, pinyin, translations, example_order, create_time, update_time) VALUES (46, 2, 2, 46, '鸭子一只<key>挨</key>着一只走过马路。', NULL, NULL, NULL, 0, NOW(), NOW());
INSERT INTO `vocab_structure` (id, word_id, sense_id, pattern, structure_order, create_time, update_time) VALUES (47, 12, 16, '<key>挨</key>（+一顿/一次）+打/骂/揍/冻/饿/枪/拳头/鞭子', 0, NOW(), NOW());
INSERT INTO `vocab_example` (id, word_id, sense_id, structure_id, sentence, audio_id, pinyin, translations, example_order, create_time, update_time) VALUES (47, 12, 16, 47, '小明考试没及格，以为会<key>挨</key>爸爸一顿打。', NULL, NULL, NULL, 0, NOW(), NOW());
INSERT INTO `vocab_structure` (id, word_id, sense_id, pattern, structure_order, create_time, update_time) VALUES (48, 2, 3, '<key>挨</key>+过/到/了+Time[什么时候、多长时间]', 0, NOW(), NOW());
INSERT INTO `vocab_example` (id, word_id, sense_id, structure_id, sentence, audio_id, pinyin, translations, example_order, create_time, update_time) VALUES (48, 2, 3, 48, '妈妈说<key>挨</key>过冬天就能种新的菜了。', NULL, NULL, NULL, 0, NOW(), NOW());
INSERT INTO `vocab_structure` (id, word_id, sense_id, pattern, structure_order, create_time, update_time) VALUES (49, 2, 10, '<key>挨</key>+到+Time[什么时候]', 0, NOW(), NOW());
INSERT INTO `vocab_example` (id, word_id, sense_id, structure_id, sentence, audio_id, pinyin, translations, example_order, create_time, update_time) VALUES (49, 2, 10, 49, '她很不想去乡下，<key>挨</key>到第三天才出发。', NULL, NULL, NULL, 0, NOW(), NOW());
INSERT INTO `vocab_word` (id, word, word_traditional, pinyin, audio_id, hsk_level, create_time, update_time) VALUES (13, '癌', NULL, 'ái', NULL, NULL, NOW(), NOW());
INSERT INTO `vocab_sense` (id, word_id, part_of_speech, chinese_def, def_audio_id, translations, synonyms, antonyms, related_forward, related_backward, sense_order, create_time, update_time) VALUES (17, 13, 'n.', '身体某个器官的细胞不正常生长造成的恶性肿瘤，一般不独立使用。', NULL, '[{"lang": "en", "text": "cancer"}]', NULL, NULL, NULL, NULL, 0, NOW(), NOW());
INSERT INTO `vocab_structure` (id, word_id, sense_id, pattern, structure_order, create_time, update_time) VALUES (50, 13, 17, 'N[表示身体器官]（胃/肺/肝/肠/脑）+<key>癌</key>', 0, NOW(), NOW());
INSERT INTO `vocab_example` (id, word_id, sense_id, structure_id, sentence, audio_id, pinyin, translations, example_order, create_time, update_time) VALUES (50, 13, 17, 50, '很多研究表明肺<key>癌</key>跟抽烟有一定的关系。', NULL, NULL, NULL, 0, NOW(), NOW());
INSERT INTO `vocab_structure` (id, word_id, sense_id, pattern, structure_order, create_time, update_time) VALUES (51, 2, 2, 'V[单音节]（防/致/治/患）+<key>癌</key>', 0, NOW(), NOW());
INSERT INTO `vocab_example` (id, word_id, sense_id, structure_id, sentence, audio_id, pinyin, translations, example_order, create_time, update_time) VALUES (51, 2, 2, 51, '据说多吃新鲜的蔬菜水果可以防<key>癌</key>。', NULL, NULL, NULL, 0, NOW(), NOW());
INSERT INTO `vocab_structure` (id, word_id, sense_id, pattern, structure_order, create_time, update_time) VALUES (52, 2, 2, '<key>癌</key>+细胞', 0, NOW(), NOW());
INSERT INTO `vocab_example` (id, word_id, sense_id, structure_id, sentence, audio_id, pinyin, translations, example_order, create_time, update_time) VALUES (52, 2, 2, 52, '医生说<key>癌</key>细胞生长很快，所以治疗一定要及时。', NULL, NULL, NULL, 0, NOW(), NOW());
INSERT INTO `vocab_word` (id, word, word_traditional, pinyin, audio_id, hsk_level, create_time, update_time) VALUES (14, '癌症', NULL, 'áizhèng', NULL, NULL, NOW(), NOW());
INSERT INTO `vocab_sense` (id, word_id, part_of_speech, chinese_def, def_audio_id, translations, synonyms, antonyms, related_forward, related_backward, sense_order, create_time, update_time) VALUES (18, 14, 'n.', '泛指一种很严重、可能威胁生命的恶性肿瘤病，通常是身体某个器官的细胞不正常生长造成的。', NULL, '[{"lang": "en", "text": "cancer"}]', NULL, NULL, NULL, NULL, 0, NOW(), NOW());
INSERT INTO `vocab_structure` (id, word_id, sense_id, pattern, structure_order, create_time, update_time) VALUES (53, 14, 18, 'V（得/治疗）+<key>癌症</key>', 0, NOW(), NOW());
INSERT INTO `vocab_example` (id, word_id, sense_id, structure_id, sentence, audio_id, pinyin, translations, example_order, create_time, update_time) VALUES (53, 14, 18, 53, '他得了<key>癌症</key>，已经住院治疗了。', NULL, NULL, NULL, 0, NOW(), NOW());
INSERT INTO `vocab_structure` (id, word_id, sense_id, pattern, structure_order, create_time, update_time) VALUES (54, 2, 2, '<key>癌症</key>+初期/早期/中期/晚期', 0, NOW(), NOW());
INSERT INTO `vocab_example` (id, word_id, sense_id, structure_id, sentence, audio_id, pinyin, translations, example_order, create_time, update_time) VALUES (54, 2, 2, 54, '如果是<key>癌症</key>初期的话，相对来说比较容易治疗。', NULL, NULL, NULL, 0, NOW(), NOW());
INSERT INTO `vocab_structure` (id, word_id, sense_id, pattern, structure_order, create_time, update_time) VALUES (55, 2, 2, '<key>癌症</key>+患者', 0, NOW(), NOW());
INSERT INTO `vocab_example` (id, word_id, sense_id, structure_id, sentence, audio_id, pinyin, translations, example_order, create_time, update_time) VALUES (55, 2, 2, 55, '我们都不知道她是<key>癌症</key>患者。', NULL, NULL, NULL, 0, NOW(), NOW());
INSERT INTO `vocab_word` (id, word, word_traditional, pinyin, audio_id, hsk_level, create_time, update_time) VALUES (15, '矮', NULL, 'ǎi', NULL, NULL, NOW(), NOW());
INSERT INTO `vocab_sense` (id, word_id, part_of_speech, chinese_def, def_audio_id, translations, synonyms, antonyms, related_forward, related_backward, sense_order, create_time, update_time) VALUES (19, 15, 'adj.', '（身材、树、建筑物等）不高的；高度低的。', NULL, '[{"lang": "en", "text": "short (of stature)"}]', NULL, NULL, NULL, NULL, 0, NOW(), NOW());
INSERT INTO `vocab_structure` (id, word_id, sense_id, pattern, structure_order, create_time, update_time) VALUES (56, 15, 19, 'Sub（他/身材/个子/树/桌子）+（很/不+）<key>矮</key>', 0, NOW(), NOW());
INSERT INTO `vocab_example` (id, word_id, sense_id, structure_id, sentence, audio_id, pinyin, translations, example_order, create_time, update_time) VALUES (56, 15, 19, 56, '他爸爸妈妈都很高，可是他很<key>矮</key>。', NULL, NULL, NULL, 0, NOW(), NOW());
INSERT INTO `vocab_structure` (id, word_id, sense_id, pattern, structure_order, create_time, update_time) VALUES (57, 2, 2, 'V（长/挂/建）+得+很/太/有点<SMALL>儿</SMALL>+<key>矮</key>', 0, NOW(), NOW());
INSERT INTO `vocab_example` (id, word_id, sense_id, structure_id, sentence, audio_id, pinyin, translations, example_order, create_time, update_time) VALUES (57, 2, 2, 57, '他想去打篮球，但他长得太<key>矮</key>了。', NULL, NULL, NULL, 0, NOW(), NOW());
INSERT INTO `vocab_structure` (id, word_id, sense_id, pattern, structure_order, create_time, update_time) VALUES (58, 2, 2, '<key>矮</key>+N（个子/凳子）', 0, NOW(), NOW());
INSERT INTO `vocab_example` (id, word_id, sense_id, structure_id, sentence, audio_id, pinyin, translations, example_order, create_time, update_time) VALUES (58, 2, 2, 58, '他是一个很结实的<key>矮</key>个子。', NULL, NULL, NULL, 0, NOW(), NOW());
INSERT INTO `vocab_structure` (id, word_id, sense_id, pattern, structure_order, create_time, update_time) VALUES (59, 2, 3, '<key>矮</key>+Num[几]+级/截/等', 0, NOW(), NOW());
INSERT INTO `vocab_example` (id, word_id, sense_id, structure_id, sentence, audio_id, pinyin, translations, example_order, create_time, update_time) VALUES (59, 2, 3, 59, '我是四年级，他是三年级，他比我<key>矮</key>一级。', NULL, NULL, NULL, 0, NOW(), NOW());
INSERT INTO `vocab_word` (id, word, word_traditional, pinyin, audio_id, hsk_level, create_time, update_time) VALUES (16, '艾滋病', NULL, 'àizībìng', NULL, NULL, NOW(), NOW());
INSERT INTO `vocab_sense` (id, word_id, part_of_speech, chinese_def, def_audio_id, translations, synonyms, antonyms, related_forward, related_backward, sense_order, create_time, update_time) VALUES (20, 16, 'n.', '一种很严重的传染病，通过性、血液传播，妈妈也能传给肚子里的孩子，得这种病以后身体抵抗力变弱，死的可能性很高。', NULL, '[{"lang": "en", "text": "acquired immunodeficiency syndrome (AIDS)"}]', NULL, NULL, NULL, NULL, 0, NOW(), NOW());
INSERT INTO `vocab_structure` (id, word_id, sense_id, pattern, structure_order, create_time, update_time) VALUES (60, 16, 20, 'V（得/传染/感染/治疗/防治/预防/了解/关注/研究）+<key>艾滋病</key>', 0, NOW(), NOW());
INSERT INTO `vocab_example` (id, word_id, sense_id, structure_id, sentence, audio_id, pinyin, translations, example_order, create_time, update_time) VALUES (60, 16, 20, 60, '他感染<key>艾滋病</key>以后，就很少出去玩<SMALL>儿</SMALL>了。', NULL, NULL, NULL, 0, NOW(), NOW());
INSERT INTO `vocab_structure` (id, word_id, sense_id, pattern, structure_order, create_time, update_time) VALUES (61, 2, 2, '<key>艾滋病</key>（+的）+病毒/患者/感染者/知识/研究/宣传/防治/症状', 0, NOW(), NOW());
INSERT INTO `vocab_example` (id, word_id, sense_id, structure_id, sentence, audio_id, pinyin, translations, example_order, create_time, update_time) VALUES (61, 2, 2, 61, '<key>艾滋病</key>患者要及时关注自己的健康状况。', NULL, NULL, NULL, 0, NOW(), NOW());
INSERT INTO `vocab_word` (id, word, word_traditional, pinyin, audio_id, hsk_level, create_time, update_time) VALUES (17, '爱', NULL, 'ài', NULL, NULL, NOW(), NOW());
INSERT INTO `vocab_sense` (id, word_id, part_of_speech, chinese_def, def_audio_id, translations, synonyms, antonyms, related_forward, related_backward, sense_order, create_time, update_time) VALUES (21, 17, 'v.', '对人或者事物有特别深的感情，特指男人和女人互相喜欢的特殊感情 。', NULL, '[{"lang": "en", "text": "to love"}]', NULL, NULL, '爱不释手|爱财如命|爱巢|爱称|爱戴|爱抚|爱岗|爱国|爱河|爱将|爱怜|爱恋|爱侣|爱神|爱屋及乌|爱心', '博爱|宠爱|慈爱|错爱|大爱|恩爱|抚爱|父爱|割爱|关爱|厚爱|敬爱|可爱|怜爱|恋爱|母爱|溺爱|偏爱|亲爱|情爱|求爱|热爱|仁爱|三角恋爱|示爱|抬爱|谈情说爱|疼爱|喜爱|心爱|性爱|友爱|珍爱|至爱|挚爱|钟爱|自爱|最爱', 0, NOW(), NOW());
INSERT INTO `vocab_structure` (id, word_id, sense_id, pattern, structure_order, create_time, update_time) VALUES (62, 17, 21, 'Sub+<key>爱</key>+O（Sb/孩子/父母/女朋友/男朋友/祖国/人民）', 0, NOW(), NOW());
INSERT INTO `vocab_example` (id, word_id, sense_id, structure_id, sentence, audio_id, pinyin, translations, example_order, create_time, update_time) VALUES (62, 17, 21, 62, '他对女朋友说：“我<key>爱</key>你！”', NULL, NULL, NULL, 0, NOW(), NOW());
INSERT INTO `vocab_structure` (id, word_id, sense_id, pattern, structure_order, create_time, update_time) VALUES (63, 2, 2, '<key>爱</key>+上+Sb', 0, NOW(), NOW());
INSERT INTO `vocab_example` (id, word_id, sense_id, structure_id, sentence, audio_id, pinyin, translations, example_order, create_time, update_time) VALUES (63, 2, 2, 63, '你是不是<key>爱</key>上小张了？', NULL, NULL, NULL, 0, NOW(), NOW());
INSERT INTO `vocab_structure` (id, word_id, sense_id, pattern, structure_order, create_time, update_time) VALUES (64, 2, 3, '<key>爱</key>+O（听/吃/画画/打球/下棋/看电影/学外语/干净）', 0, NOW(), NOW());
INSERT INTO `vocab_example` (id, word_id, sense_id, structure_id, sentence, audio_id, pinyin, translations, example_order, create_time, update_time) VALUES (64, 2, 3, 64, '我爷爷很<key>爱</key>听京剧。', NULL, NULL, NULL, 0, NOW(), NOW());
INSERT INTO `vocab_structure` (id, word_id, sense_id, pattern, structure_order, create_time, update_time) VALUES (65, 2, 2, '<key>爱</key>+上+O（听/吃/画画/打球/下棋/看电影/学外语）+了', 0, NOW(), NOW());
INSERT INTO `vocab_example` (id, word_id, sense_id, structure_id, sentence, audio_id, pinyin, translations, example_order, create_time, update_time) VALUES (65, 2, 2, 65, '我最近<key>爱</key>上打乒乓球了，每天都打。', NULL, NULL, NULL, 0, NOW(), NOW());
INSERT INTO `vocab_structure` (id, word_id, sense_id, pattern, structure_order, create_time, update_time) VALUES (66, 2, 2, '<key>爱</key>+V+不+V：表示随便你怎么做，有抱怨的意思', 0, NOW(), NOW());
INSERT INTO `vocab_example` (id, word_id, sense_id, structure_id, sentence, audio_id, pinyin, translations, example_order, create_time, update_time) VALUES (66, 2, 2, 66, '晚饭，你<key>爱</key>吃不吃，反正今天就是这几个菜。', NULL, NULL, NULL, 0, NOW(), NOW());
INSERT INTO `vocab_structure` (id, word_id, sense_id, pattern, structure_order, create_time, update_time) VALUES (67, 2, 10, '<key>爱</key>+V/Adj（哭/笑/头疼/晕车/死机/发脾气/生气/坏/生锈）', 0, NOW(), NOW());
INSERT INTO `vocab_example` (id, word_id, sense_id, structure_id, sentence, audio_id, pinyin, translations, example_order, create_time, update_time) VALUES (67, 2, 10, 67, '她小时候特别<key>爱</key>哭，现在特别<key>爱</key>笑。', NULL, NULL, NULL, 0, NOW(), NOW());
INSERT INTO `vocab_sense` (id, word_id, part_of_speech, chinese_def, def_audio_id, translations, synonyms, antonyms, related_forward, related_backward, sense_order, create_time, update_time) VALUES (22, 2, 'v.', '觉得很重要，要保护珍惜。', NULL, '[{"lang": "en", "text": "to treasure; to hold dear; to take good care of"}]', NULL, NULL, '爱护|爱惜', NULL, 0, NOW(), NOW());
INSERT INTO `vocab_structure` (id, word_id, sense_id, pattern, structure_order, create_time, update_time) VALUES (68, 2, 22, '<key>爱</key>+N（校/厂/店）+如+家', 0, NOW(), NOW());
INSERT INTO `vocab_example` (id, word_id, sense_id, structure_id, sentence, audio_id, pinyin, translations, example_order, create_time, update_time) VALUES (68, 2, 22, 68, '他常年住在工厂里，真是<key>爱</key>厂如家啊！', NULL, NULL, NULL, 0, NOW(), NOW());
INSERT INTO `vocab_structure` (id, word_id, sense_id, pattern, structure_order, create_time, update_time) VALUES (69, 2, 2, '<key>爱</key>+O[表示需要珍惜的东西的N]（生命/公物/名誉/公共财物）', 0, NOW(), NOW());
INSERT INTO `vocab_example` (id, word_id, sense_id, structure_id, sentence, audio_id, pinyin, translations, example_order, create_time, update_time) VALUES (69, 2, 2, 69, '老师从小就教育我们要<key>爱</key>公物。', NULL, NULL, NULL, 0, NOW(), NOW());
INSERT INTO `vocab_word` (id, word, word_traditional, pinyin, audio_id, hsk_level, create_time, update_time) VALUES (18, '爱不释手', NULL, 'àibùshìshǒu', NULL, NULL, NOW(), NOW());
INSERT INTO `vocab_sense` (id, word_id, part_of_speech, chinese_def, def_audio_id, translations, synonyms, antonyms, related_forward, related_backward, sense_order, create_time, update_time) VALUES (23, 18, 'idiom', '特别喜欢（某东西），不舍得放下。', NULL, '[{"lang": "en", "text": "be so fond of sth that one cannot let go of it or cannot tear oneself away"}]', NULL, NULL, NULL, NULL, 0, NOW(), NOW());
INSERT INTO `vocab_structure` (id, word_id, sense_id, pattern, structure_order, create_time, update_time) VALUES (70, 18, 23, '（Sth+让+）Sb+<key>爱不释手</key>', 0, NOW(), NOW());
INSERT INTO `vocab_example` (id, word_id, sense_id, structure_id, sentence, audio_id, pinyin, translations, example_order, create_time, update_time) VALUES (70, 18, 23, 70, '这个新手机让他<key>爱不释手</key>，他已经玩<SMALL>儿</SMALL>了一个多钟头了。', NULL, NULL, NULL, 0, NOW(), NOW());
INSERT INTO `vocab_structure` (id, word_id, sense_id, pattern, structure_order, create_time, update_time) VALUES (71, 2, 2, 'Sentence，<key>爱不释手</key>', 0, NOW(), NOW());
INSERT INTO `vocab_example` (id, word_id, sense_id, structure_id, sentence, audio_id, pinyin, translations, example_order, create_time, update_time) VALUES (71, 2, 2, 71, '她拿着那枚戒指试来试去的，真是<key>爱不释手</key>。', NULL, NULL, NULL, 0, NOW(), NOW());
INSERT INTO `vocab_word` (id, word, word_traditional, pinyin, audio_id, hsk_level, create_time, update_time) VALUES (19, '爱戴', NULL, 'àidài', NULL, NULL, NOW(), NOW());
INSERT INTO `vocab_sense` (id, word_id, part_of_speech, chinese_def, def_audio_id, translations, synonyms, antonyms, related_forward, related_backward, sense_order, create_time, update_time) VALUES (24, 19, 'v.', '对地位比较高的人非常尊敬、喜欢而且支持。', NULL, '[{"lang": "en", "text": "to love deeply and respect; to revere"}]', NULL, NULL, NULL, NULL, 0, NOW(), NOW());
INSERT INTO `vocab_structure` (id, word_id, sense_id, pattern, structure_order, create_time, update_time) VALUES (72, 19, 24, '<key>爱戴</key>+O（领袖/主席/将军）', 0, NOW(), NOW());
INSERT INTO `vocab_example` (id, word_id, sense_id, structure_id, sentence, audio_id, pinyin, translations, example_order, create_time, update_time) VALUES (72, 19, 24, 72, '这个国家的人都十分<key>爱戴</key>自己的领袖。', NULL, NULL, NULL, 0, NOW(), NOW());
INSERT INTO `vocab_structure` (id, word_id, sense_id, pattern, structure_order, create_time, update_time) VALUES (73, 2, 2, 'Sb1+受到/得到/赢得+Sb2（百姓/人民/民众/将士/大家）+的+<key>爱戴</key>', 0, NOW(), NOW());
INSERT INTO `vocab_example` (id, word_id, sense_id, structure_id, sentence, audio_id, pinyin, translations, example_order, create_time, update_time) VALUES (73, 2, 2, 73, '他是战争中的英雄，受到全体将士的<key>爱戴</key>。', NULL, NULL, NULL, 0, NOW(), NOW());
INSERT INTO `vocab_structure` (id, word_id, sense_id, pattern, structure_order, create_time, update_time) VALUES (74, 2, 2, '衷心+（地+）<key>爱戴</key>', 0, NOW(), NOW());
INSERT INTO `vocab_example` (id, word_id, sense_id, structure_id, sentence, audio_id, pinyin, translations, example_order, create_time, update_time) VALUES (74, 2, 2, 74, '在这个国家，人民都衷心<key>爱戴</key>自己的领袖。', NULL, NULL, NULL, 0, NOW(), NOW());
INSERT INTO `vocab_word` (id, word, word_traditional, pinyin, audio_id, hsk_level, create_time, update_time) VALUES (20, '爱国主义', NULL, 'àiguó zhǔyì', NULL, NULL, NOW(), NOW());
INSERT INTO `vocab_sense` (id, word_id, part_of_speech, chinese_def, def_audio_id, translations, synonyms, antonyms, related_forward, related_backward, sense_order, create_time, update_time) VALUES (25, 20, 'n.', '指非常爱自己的国家，维护自己国家利益的思想。', NULL, '[{"lang": "en", "text": "patriotism"}]', NULL, NULL, NULL, NULL, 0, NOW(), NOW());
INSERT INTO `vocab_structure` (id, word_id, sense_id, pattern, structure_order, create_time, update_time) VALUES (75, 20, 25, '<key>爱国主义</key>+者/诗人/思想/精神/传统/教育', 0, NOW(), NOW());
INSERT INTO `vocab_example` (id, word_id, sense_id, structure_id, sentence, audio_id, pinyin, translations, example_order, create_time, update_time) VALUES (75, 20, 25, 75, '他是一位<key>爱国主义</key>诗人。', NULL, NULL, NULL, 0, NOW(), NOW());
INSERT INTO `vocab_structure` (id, word_id, sense_id, pattern, structure_order, create_time, update_time) VALUES (76, 2, 2, 'V（坚持/宣传）+<key>爱国主义</key>', 0, NOW(), NOW());
INSERT INTO `vocab_example` (id, word_id, sense_id, structure_id, sentence, audio_id, pinyin, translations, example_order, create_time, update_time) VALUES (76, 2, 2, 76, '他说坚持<key>爱国主义</key>不等于仇恨外国。', NULL, NULL, NULL, 0, NOW(), NOW());
INSERT INTO `vocab_word` (id, word, word_traditional, pinyin, audio_id, hsk_level, create_time, update_time) VALUES (21, '爱好', NULL, 'àihào', NULL, NULL, NOW(), NOW());
INSERT INTO `vocab_sense` (id, word_id, part_of_speech, chinese_def, def_audio_id, translations, synonyms, antonyms, related_forward, related_backward, sense_order, create_time, update_time) VALUES (26, 21, 'v.', '对某个事物特别有兴趣或者特别喜欢。', NULL, '[{"lang": "en", "text": "to take pleasure in; to be keen on"}]', NULL, NULL, NULL, NULL, 0, NOW(), NOW());
INSERT INTO `vocab_structure` (id, word_id, sense_id, pattern, structure_order, create_time, update_time) VALUES (77, 21, 26, '<key>爱好</key>+O（文学/书法/舞蹈/体育/数学/收藏/和平/自由）', 0, NOW(), NOW());
INSERT INTO `vocab_example` (id, word_id, sense_id, structure_id, sentence, audio_id, pinyin, translations, example_order, create_time, update_time) VALUES (77, 21, 26, 77, '他从小<key>爱好</key>文学，后来真的成了一个作家。', NULL, NULL, NULL, 0, NOW(), NOW());
INSERT INTO `vocab_structure` (id, word_id, sense_id, pattern, structure_order, create_time, update_time) VALUES (78, 2, 2, '…<key>爱好</key>+者：意思是喜欢…的人', 0, NOW(), NOW());
INSERT INTO `vocab_example` (id, word_id, sense_id, structure_id, sentence, audio_id, pinyin, translations, example_order, create_time, update_time) VALUES (78, 2, 2, 78, '他是一个篮球<key>爱好</key>者，每天都去打篮球。', NULL, NULL, NULL, 0, NOW(), NOW());
INSERT INTO `vocab_structure` (id, word_id, sense_id, pattern, structure_order, create_time, update_time) VALUES (79, 2, 3, 'Num[几]+种/个+<key>爱好</key>', 0, NOW(), NOW());
INSERT INTO `vocab_example` (id, word_id, sense_id, structure_id, sentence, audio_id, pinyin, translations, example_order, create_time, update_time) VALUES (79, 2, 3, 79, '他只有一个<key>爱好</key>，就是听京剧。', NULL, NULL, NULL, 0, NOW(), NOW());
INSERT INTO `vocab_structure` (id, word_id, sense_id, pattern, structure_order, create_time, update_time) VALUES (80, 2, 2, 'V（有/增加/培养）+<key>爱好</key>', 0, NOW(), NOW());
INSERT INTO `vocab_example` (id, word_id, sense_id, structure_id, sentence, audio_id, pinyin, translations, example_order, create_time, update_time) VALUES (80, 2, 2, 80, '你有什么<key>爱好</key>？', NULL, NULL, NULL, 0, NOW(), NOW());
INSERT INTO `vocab_structure` (id, word_id, sense_id, pattern, structure_order, create_time, update_time) VALUES (81, 2, 2, 'Modifier（Sb/特殊/共同/业余/唯一/文学/收藏/兴趣）（+的）+<key>爱好</key>', 0, NOW(), NOW());
INSERT INTO `vocab_example` (id, word_id, sense_id, structure_id, sentence, audio_id, pinyin, translations, example_order, create_time, update_time) VALUES (81, 2, 2, 81, '小李的<key>爱好</key>是收集邮票，他有几千张世界各国的邮票。', NULL, NULL, NULL, 0, NOW(), NOW());
INSERT INTO `vocab_structure` (id, word_id, sense_id, pattern, structure_order, create_time, update_time) VALUES (82, 2, 2, '<key>爱好</key>+（很/不+）多/广泛/特别/奇怪/与众不同', 0, NOW(), NOW());
INSERT INTO `vocab_example` (id, word_id, sense_id, structure_id, sentence, audio_id, pinyin, translations, example_order, create_time, update_time) VALUES (82, 2, 2, 82, '她的<key>爱好</key>很广泛，唱歌、跳舞、弹琴、画画，什么她都很喜欢。', NULL, NULL, NULL, 0, NOW(), NOW());
INSERT INTO `vocab_word` (id, word, word_traditional, pinyin, audio_id, hsk_level, create_time, update_time) VALUES (22, '爱护', NULL, 'àihù', NULL, NULL, NOW(), NOW());
INSERT INTO `vocab_sense` (id, word_id, part_of_speech, chinese_def, def_audio_id, translations, synonyms, antonyms, related_forward, related_backward, sense_order, create_time, update_time) VALUES (27, 22, 'v.', '觉得重要所以保护好；用一切力量照顾，使不受损害。', NULL, '[{"lang": "en", "text": "to cherish; to safeguard"}]', NULL, NULL, NULL, NULL, 0, NOW(), NOW());
INSERT INTO `vocab_structure` (id, word_id, sense_id, pattern, structure_order, create_time, update_time) VALUES (83, 22, 27, '<key>爱护</key>+O（Sb/生命/身体/眼睛/百姓/儿童/年轻人/公物）', 0, NOW(), NOW());
INSERT INTO `vocab_example` (id, word_id, sense_id, structure_id, sentence, audio_id, pinyin, translations, example_order, create_time, update_time) VALUES (83, 22, 27, 83, '小孩子从小要<key>爱护</key>眼睛。', NULL, NULL, NULL, 0, NOW(), NOW());
INSERT INTO `vocab_structure` (id, word_id, sense_id, pattern, structure_order, create_time, update_time) VALUES (84, 2, 2, 'V（应该/懂得/学会/知道）+<key>爱护</key>', 0, NOW(), NOW());
INSERT INTO `vocab_example` (id, word_id, sense_id, structure_id, sentence, audio_id, pinyin, translations, example_order, create_time, update_time) VALUES (84, 2, 2, 84, '你要学会<key>爱护</key>自己的眼睛。', NULL, NULL, NULL, 0, NOW(), NOW());
INSERT INTO `vocab_structure` (id, word_id, sense_id, pattern, structure_order, create_time, update_time) VALUES (85, 2, 2, '互相/加倍/非常/格外/真正+<key>爱护</key>（+O）', 0, NOW(), NOW());
INSERT INTO `vocab_example` (id, word_id, sense_id, structure_id, sentence, audio_id, pinyin, translations, example_order, create_time, update_time) VALUES (85, 2, 2, 85, '你们夫妻两个应该互相<key>爱护</key>、互相尊重，不能总因为一点<SMALL>儿</SMALL>小事就吵架。', NULL, NULL, NULL, 0, NOW(), NOW());
INSERT INTO `vocab_word` (id, word, word_traditional, pinyin, audio_id, hsk_level, create_time, update_time) VALUES (23, '爱面子', NULL, 'ài miàn·zi', NULL, NULL, NOW(), NOW());
INSERT INTO `vocab_sense` (id, word_id, part_of_speech, chinese_def, def_audio_id, translations, synonyms, antonyms, related_forward, related_backward, sense_order, create_time, update_time) VALUES (28, 23, 'v.o.', '特别注意自己在别人心里的形象，怕被别人看不起。', NULL, '[{"lang": "en", "text": "to be concerned about or sensitive to one\'s reputation"}]', NULL, NULL, NULL, NULL, 0, NOW(), NOW());
INSERT INTO `vocab_structure` (id, word_id, sense_id, pattern, structure_order, create_time, update_time) VALUES (86, 23, 28, 'Sb+很+<key>爱面子</key>', 0, NOW(), NOW());
INSERT INTO `vocab_example` (id, word_id, sense_id, structure_id, sentence, audio_id, pinyin, translations, example_order, create_time, update_time) VALUES (86, 23, 28, 86, '她特别<key>爱面子</key>，没钱也想着买名牌。', NULL, NULL, NULL, 0, NOW(), NOW());
INSERT INTO `vocab_structure` (id, word_id, sense_id, pattern, structure_order, create_time, update_time) VALUES (87, 2, 2, '<key>爱面子</key>+的+人', 0, NOW(), NOW());
INSERT INTO `vocab_example` (id, word_id, sense_id, structure_id, sentence, audio_id, pinyin, translations, example_order, create_time, update_time) VALUES (87, 2, 2, 87, '他是一个很<key>爱面子</key>的人，绝对不会跟别人借钱。', NULL, NULL, NULL, 0, NOW(), NOW());
INSERT INTO `vocab_word` (id, word, word_traditional, pinyin, audio_id, hsk_level, create_time, update_time) VALUES (24, '爱慕', NULL, 'àimù', NULL, NULL, NOW(), NOW());
INSERT INTO `vocab_sense` (id, word_id, part_of_speech, chinese_def, def_audio_id, translations, synonyms, antonyms, related_forward, related_backward, sense_order, create_time, update_time) VALUES (29, 24, 'v.', '喜欢而且想接近。', NULL, '[{"lang": "en", "text": "to adore; to admire"}]', NULL, NULL, NULL, NULL, 0, NOW(), NOW());
INSERT INTO `vocab_structure` (id, word_id, sense_id, pattern, structure_order, create_time, update_time) VALUES (88, 24, 29, '<key>爱慕</key>+O（Sb/对方）', 0, NOW(), NOW());
INSERT INTO `vocab_example` (id, word_id, sense_id, structure_id, sentence, audio_id, pinyin, translations, example_order, create_time, update_time) VALUES (88, 24, 29, 88, '她<key>爱慕</key>着班长，觉得他英俊而有才华。', NULL, NULL, NULL, 0, NOW(), NOW());
INSERT INTO `vocab_structure` (id, word_id, sense_id, pattern, structure_order, create_time, update_time) VALUES (89, 2, 2, '<key>爱慕</key>+的+N（眼光/目光/话/人）', 0, NOW(), NOW());
INSERT INTO `vocab_example` (id, word_id, sense_id, structure_id, sentence, audio_id, pinyin, translations, example_order, create_time, update_time) VALUES (89, 2, 2, 89, '他向小王投去<key>爱慕</key>的眼光。', NULL, NULL, NULL, 0, NOW(), NOW());
INSERT INTO `vocab_structure` (id, word_id, sense_id, pattern, structure_order, create_time, update_time) VALUES (90, 2, 2, 'V（有/表示/表达/产生）+<key>爱慕</key>（+之情/之心）', 0, NOW(), NOW());
INSERT INTO `vocab_example` (id, word_id, sense_id, structure_id, sentence, audio_id, pinyin, translations, example_order, create_time, update_time) VALUES (90, 2, 2, 90, '他对小王有<key>爱慕</key>之心，大家都看出来了。', NULL, NULL, NULL, 0, NOW(), NOW());
INSERT INTO `vocab_structure` (id, word_id, sense_id, pattern, structure_order, create_time, update_time) VALUES (91, 2, 2, '互相/暗暗/十分/曾经+<key>爱慕</key>', 0, NOW(), NOW());
INSERT INTO `vocab_example` (id, word_id, sense_id, structure_id, sentence, audio_id, pinyin, translations, example_order, create_time, update_time) VALUES (91, 2, 2, 91, '他暗暗<key>爱慕</key>着班里最漂亮的女生，可是不敢说。', NULL, NULL, NULL, 0, NOW(), NOW());
INSERT INTO `vocab_structure` (id, word_id, sense_id, pattern, structure_order, create_time, update_time) VALUES (92, 2, 3, '<key>爱慕</key>+虚荣/金钱/地位', 0, NOW(), NOW());
INSERT INTO `vocab_example` (id, word_id, sense_id, structure_id, sentence, audio_id, pinyin, translations, example_order, create_time, update_time) VALUES (92, 2, 3, 92, '因为<key>爱慕</key>虚荣，她嫁给了一个富豪。', NULL, NULL, NULL, 0, NOW(), NOW());
INSERT INTO `vocab_word` (id, word, word_traditional, pinyin, audio_id, hsk_level, create_time, update_time) VALUES (25, '爱情', NULL, 'àiqíng', NULL, NULL, NOW(), NOW());
INSERT INTO `vocab_sense` (id, word_id, part_of_speech, chinese_def, def_audio_id, translations, synonyms, antonyms, related_forward, related_backward, sense_order, create_time, update_time) VALUES (30, 25, 'n.', '恋人或者夫妻互相喜欢的感情。', NULL, '[{"lang": "en", "text": "romantic love"}]', NULL, NULL, NULL, NULL, 0, NOW(), NOW());
INSERT INTO `vocab_structure` (id, word_id, sense_id, pattern, structure_order, create_time, update_time) VALUES (93, 25, 30, 'V（有/没有/产生/相信/渴望/表达/拥有/追求）+<key>爱情</key>', 0, NOW(), NOW());
INSERT INTO `vocab_example` (id, word_id, sense_id, structure_id, sentence, audio_id, pinyin, translations, example_order, create_time, update_time) VALUES (93, 25, 30, 93, '爷爷奶奶年轻时有过一段美好的<key>爱情</key>。', NULL, NULL, NULL, 0, NOW(), NOW());
INSERT INTO `vocab_structure` (id, word_id, sense_id, pattern, structure_order, create_time, update_time) VALUES (94, 2, 2, 'Modifier（美好/浪漫/纯洁/伟大/甜蜜/凄美/Sb+的）+<key>爱情</key>', 0, NOW(), NOW());
INSERT INTO `vocab_example` (id, word_id, sense_id, structure_id, sentence, audio_id, pinyin, translations, example_order, create_time, update_time) VALUES (94, 2, 2, 94, '我觉得人生最重要的东西，一是健康的身体，二是浪漫的<key>爱情</key>，三是自己喜欢的事业。', NULL, NULL, NULL, 0, NOW(), NOW());
INSERT INTO `vocab_structure` (id, word_id, sense_id, pattern, structure_order, create_time, update_time) VALUES (95, 2, 2, '<key>爱情</key>+N（小说/电影/故事/心理/片）', 0, NOW(), NOW());
INSERT INTO `vocab_example` (id, word_id, sense_id, structure_id, sentence, audio_id, pinyin, translations, example_order, create_time, update_time) VALUES (95, 2, 2, 95, '她喜欢看<key>爱情</key>小说和电影。', NULL, NULL, NULL, 0, NOW(), NOW());
INSERT INTO `vocab_word` (id, word, word_traditional, pinyin, audio_id, hsk_level, create_time, update_time) VALUES (26, '爱人', NULL, 'ài·ren', NULL, NULL, NOW(), NOW());
INSERT INTO `vocab_sense` (id, word_id, part_of_speech, chinese_def, def_audio_id, translations, synonyms, antonyms, related_forward, related_backward, sense_order, create_time, update_time) VALUES (31, 26, 'n.', '丈夫或者妻子。多用在正式场合。', NULL, '[{"lang": "en", "text": "a term of address used by a member of a couple to refer the other"}]', NULL, NULL, NULL, NULL, 0, NOW(), NOW());
INSERT INTO `vocab_structure` (id, word_id, sense_id, pattern, structure_order, create_time, update_time) VALUES (96, 26, 31, 'Sb（+的）+<key>爱人</key>', 0, NOW(), NOW());
INSERT INTO `vocab_example` (id, word_id, sense_id, structure_id, sentence, audio_id, pinyin, translations, example_order, create_time, update_time) VALUES (96, 26, 31, 96, '张大明和他<key>爱人</key>都去了英国。', NULL, NULL, NULL, 0, NOW(), NOW());
INSERT INTO `vocab_structure` (id, word_id, sense_id, pattern, structure_order, create_time, update_time) VALUES (97, 2, 2, 'Modifier（亲密/唯一/完美）+的+<key>爱人</key>', 0, NOW(), NOW());
INSERT INTO `vocab_example` (id, word_id, sense_id, structure_id, sentence, audio_id, pinyin, translations, example_order, create_time, update_time) VALUES (97, 2, 2, 97, '我把这本书献给我亲密的<key>爱人</key>。', NULL, NULL, NULL, 0, NOW(), NOW());
INSERT INTO `vocab_word` (id, word, word_traditional, pinyin, audio_id, hsk_level, create_time, update_time) VALUES (27, '爱惜', NULL, 'àixī', NULL, NULL, NOW(), NOW());
INSERT INTO `vocab_sense` (id, word_id, part_of_speech, chinese_def, def_audio_id, translations, synonyms, antonyms, related_forward, related_backward, sense_order, create_time, update_time) VALUES (32, 27, 'v.', '爱护、珍惜；觉得某个事物重要，而不愿意浪费或者损坏。', NULL, '[{"lang": "en", "text": "to treasure; to cherish; to use prudently"}]', NULL, NULL, NULL, NULL, 0, NOW(), NOW());
INSERT INTO `vocab_structure` (id, word_id, sense_id, pattern, structure_order, create_time, update_time) VALUES (98, 27, 32, '<key>爱惜</key>+O（人才/粮食/身体/时间/国家财物/公共财产/公物）', 0, NOW(), NOW());
INSERT INTO `vocab_example` (id, word_id, sense_id, structure_id, sentence, audio_id, pinyin, translations, example_order, create_time, update_time) VALUES (98, 27, 32, 98, '我们领导特别<key>爱惜</key>人才，对每个新来的大学生都耐心指导。', NULL, NULL, NULL, 0, NOW(), NOW());
INSERT INTO `vocab_structure` (id, word_id, sense_id, pattern, structure_order, create_time, update_time) VALUES (99, 2, 2, '要/应该/必须+<key>爱惜</key>', 0, NOW(), NOW());
INSERT INTO `vocab_example` (id, word_id, sense_id, structure_id, sentence, audio_id, pinyin, translations, example_order, create_time, update_time) VALUES (99, 2, 2, 99, '时间过去就再也回不来了，大家一定要<key>爱惜</key>。', NULL, NULL, NULL, 0, NOW(), NOW());
INSERT INTO `vocab_word` (id, word, word_traditional, pinyin, audio_id, hsk_level, create_time, update_time) VALUES (28, '爱心', NULL, 'àixīn', NULL, NULL, NOW(), NOW());
INSERT INTO `vocab_sense` (id, word_id, part_of_speech, chinese_def, def_audio_id, translations, synonyms, antonyms, related_forward, related_backward, sense_order, create_time, update_time) VALUES (33, 28, 'n.', '关心、爱护别人或者动物的一种感情。', NULL, '[{"lang": "en", "text": "love; care; compassion"}]', NULL, NULL, NULL, NULL, 0, NOW(), NOW());
INSERT INTO `vocab_structure` (id, word_id, sense_id, pattern, structure_order, create_time, update_time) VALUES (100, 28, 33, '一+片/颗+<key>爱心</key>', 0, NOW(), NOW());
INSERT INTO `vocab_example` (id, word_id, sense_id, structure_id, sentence, audio_id, pinyin, translations, example_order, create_time, update_time) VALUES (100, 28, 33, 100, '她给乡村小学捐款完全是出于一片<key>爱心</key>。', NULL, NULL, NULL, 0, NOW(), NOW());
INSERT INTO `vocab_structure` (id, word_id, sense_id, pattern, structure_order, create_time, update_time) VALUES (101, 2, 2, 'V（有/富有/献/奉献/没有/缺少/充满/出于）+<key>爱心</key>', 0, NOW(), NOW());
INSERT INTO `vocab_example` (id, word_id, sense_id, structure_id, sentence, audio_id, pinyin, translations, example_order, create_time, update_time) VALUES (101, 2, 2, 101, '她是一个富有<key>爱心</key>的人。', NULL, NULL, NULL, 0, NOW(), NOW());
INSERT INTO `vocab_structure` (id, word_id, sense_id, pattern, structure_order, create_time, update_time) VALUES (102, 2, 2, '<key>爱心</key>+N（学校/家园/工程）', 0, NOW(), NOW());
INSERT INTO `vocab_example` (id, word_id, sense_id, structure_id, sentence, audio_id, pinyin, translations, example_order, create_time, update_time) VALUES (102, 2, 2, 102, '他打算拿出100万来建<key>爱心</key>学校。', NULL, NULL, NULL, 0, NOW(), NOW());
INSERT INTO `vocab_structure` (id, word_id, sense_id, pattern, structure_order, create_time, update_time) VALUES (103, 2, 2, '（用手+）比+<key>爱心</key>', 0, NOW(), NOW());
INSERT INTO `vocab_example` (id, word_id, sense_id, structure_id, sentence, audio_id, pinyin, translations, example_order, create_time, update_time) VALUES (103, 2, 2, 103, '他用手比了一个<key>爱心</key>。', NULL, NULL, NULL, 0, NOW(), NOW());
INSERT INTO `vocab_word` (id, word, word_traditional, pinyin, audio_id, hsk_level, create_time, update_time) VALUES (29, '爱憎分明', NULL, 'àizēng-fēnmíng', NULL, NULL, NOW(), NOW());
INSERT INTO `vocab_sense` (id, word_id, part_of_speech, chinese_def, def_audio_id, translations, synonyms, antonyms, related_forward, related_backward, sense_order, create_time, update_time) VALUES (34, 29, 'chunk', '爱和恨的态度特别清楚，不会随便改变自己的原则和态度。', NULL, '[{"lang": "en", "text": "know what to love and what to hate; take a clear-cut position; have clear views"}]', NULL, NULL, NULL, NULL, 0, NOW(), NOW());
INSERT INTO `vocab_structure` (id, word_id, sense_id, pattern, structure_order, create_time, update_time) VALUES (104, 29, 34, 'Sb+<key>爱憎分明</key>', 0, NOW(), NOW());
INSERT INTO `vocab_example` (id, word_id, sense_id, structure_id, sentence, audio_id, pinyin, translations, example_order, create_time, update_time) VALUES (104, 29, 34, 104, '他从小就<key>爱憎分明</key>，长大以后成了一名警察。', NULL, NULL, NULL, 0, NOW(), NOW());
INSERT INTO `vocab_structure` (id, word_id, sense_id, pattern, structure_order, create_time, update_time) VALUES (105, 2, 2, '<key>爱憎分明</key>+的+N（人/精神）', 0, NOW(), NOW());
INSERT INTO `vocab_example` (id, word_id, sense_id, structure_id, sentence, audio_id, pinyin, translations, example_order, create_time, update_time) VALUES (105, 2, 2, 105, '他是一个<key>爱憎分明</key>的人。', NULL, NULL, NULL, 0, NOW(), NOW());
INSERT INTO `vocab_word` (id, word, word_traditional, pinyin, audio_id, hsk_level, create_time, update_time) VALUES (30, '碍事', NULL, 'ài∥shì', NULL, NULL, NOW(), NOW());
INSERT INTO `vocab_sense` (id, word_id, part_of_speech, chinese_def, def_audio_id, translations, synonyms, antonyms, related_forward, related_backward, sense_order, create_time, update_time) VALUES (35, 30, 'v.o.', '影响做事；造成不方便。', NULL, '[{"lang": "en", "text": "to be in the way; to be a hindrance"}]', NULL, NULL, NULL, NULL, 0, NOW(), NOW());
INSERT INTO `vocab_structure` (id, word_id, sense_id, pattern, structure_order, create_time, update_time) VALUES (106, 30, 35, '<key>碍</key>+了/Sb的+<key>事</key>', 0, NOW(), NOW());
INSERT INTO `vocab_example` (id, word_id, sense_id, structure_id, sentence, audio_id, pinyin, translations, example_order, create_time, update_time) VALUES (106, 30, 35, 106, '把孩子带出去玩<SMALL>儿</SMALL>一会<SMALL>儿</SMALL>吧，他在这<SMALL>儿</SMALL><key>碍</key>我的<key>事</key>。', NULL, NULL, NULL, 0, NOW(), NOW());
INSERT INTO `vocab_structure` (id, word_id, sense_id, pattern, structure_order, create_time, update_time) VALUES (107, 2, 2, 'Sub+（很/不/别+）<key>碍事</key>', 0, NOW(), NOW());
INSERT INTO `vocab_example` (id, word_id, sense_id, structure_id, sentence, audio_id, pinyin, translations, example_order, create_time, update_time) VALUES (107, 2, 2, 107, '桌子放在这<SMALL>儿</SMALL>很<key>碍事</key>，快点<SMALL>儿</SMALL>搬走吧。', NULL, NULL, NULL, 0, NOW(), NOW());
INSERT INTO `vocab_structure` (id, word_id, sense_id, pattern, structure_order, create_time, update_time) VALUES (108, 2, 3, '不+<key>碍事</key>', 0, NOW(), NOW());
INSERT INTO `vocab_example` (id, word_id, sense_id, structure_id, sentence, audio_id, pinyin, translations, example_order, create_time, update_time) VALUES (108, 2, 3, 108, '他的病不<key>碍事</key>，你放心去工作吧。', NULL, NULL, NULL, 0, NOW(), NOW());
INSERT INTO `vocab_structure` (id, word_id, sense_id, pattern, structure_order, create_time, update_time) VALUES (109, 2, 2, '不+<key>碍</key>+什么+<key>事</key>', 0, NOW(), NOW());
INSERT INTO `vocab_example` (id, word_id, sense_id, structure_id, sentence, audio_id, pinyin, translations, example_order, create_time, update_time) VALUES (109, 2, 2, 109, '我的腿只是受了一点<SMALL>儿</SMALL>伤，不<key>碍</key>什么<key>事</key>。', NULL, NULL, NULL, 0, NOW(), NOW());
INSERT INTO `vocab_word` (id, word, word_traditional, pinyin, audio_id, hsk_level, create_time, update_time) VALUES (31, '暧昧', NULL, 'àimèi', NULL, NULL, NOW(), NOW());
INSERT INTO `vocab_sense` (id, word_id, part_of_speech, chinese_def, def_audio_id, translations, synonyms, antonyms, related_forward, related_backward, sense_order, create_time, update_time) VALUES (36, 31, 'adj.', '形容一个人的态度或者意思不明确，让人觉得不清楚、不明白。', NULL, '[{"lang": "en", "text": "(manner or attitude) ambiguous"}]', NULL, NULL, NULL, NULL, 0, NOW(), NOW());
INSERT INTO `vocab_structure` (id, word_id, sense_id, pattern, structure_order, create_time, update_time) VALUES (110, 31, 36, 'Sub（态度/…的话）+很/有点<SMALL>儿</SMALL>/十分+<key>暧昧</key>', 0, NOW(), NOW());
INSERT INTO `vocab_example` (id, word_id, sense_id, structure_id, sentence, audio_id, pinyin, translations, example_order, create_time, update_time) VALUES (110, 31, 36, 110, '他在这件事情上态度很<key>暧昧</key>。', NULL, NULL, NULL, 0, NOW(), NOW());
INSERT INTO `vocab_structure` (id, word_id, sense_id, pattern, structure_order, create_time, update_time) VALUES (111, 2, 2, '<key>暧昧</key>+的+态度', 0, NOW(), NOW());
INSERT INTO `vocab_example` (id, word_id, sense_id, structure_id, sentence, audio_id, pinyin, translations, example_order, create_time, update_time) VALUES (111, 2, 2, 111, '他这种<key>暧昧</key>的态度让女孩子很难受。', NULL, NULL, NULL, 0, NOW(), NOW());
INSERT INTO `vocab_structure` (id, word_id, sense_id, pattern, structure_order, create_time, update_time) VALUES (112, 2, 3, 'Sub（关系/行为）+很+<key>暧昧</key>', 0, NOW(), NOW());
INSERT INTO `vocab_example` (id, word_id, sense_id, structure_id, sentence, audio_id, pinyin, translations, example_order, create_time, update_time) VALUES (112, 2, 3, 112, '他们两个太亲密了，关系很<key>暧昧</key>。', NULL, NULL, NULL, 0, NOW(), NOW());
INSERT INTO `vocab_structure` (id, word_id, sense_id, pattern, structure_order, create_time, update_time) VALUES (113, 2, 2, '<key>暧昧</key>（+的）+N（行为/关系/笑容/气氛）', 0, NOW(), NOW());
INSERT INTO `vocab_example` (id, word_id, sense_id, structure_id, sentence, audio_id, pinyin, translations, example_order, create_time, update_time) VALUES (113, 2, 2, 113, '他们俩<key>暧昧</key>的眼神让大家都觉得不对劲<SMALL>儿</SMALL>。', NULL, NULL, NULL, 0, NOW(), NOW());
INSERT INTO `vocab_structure` (id, word_id, sense_id, pattern, structure_order, create_time, update_time) VALUES (114, 2, 2, 'V（搞/玩）+<key>暧昧</key>', 0, NOW(), NOW());
INSERT INTO `vocab_example` (id, word_id, sense_id, structure_id, sentence, audio_id, pinyin, translations, example_order, create_time, update_time) VALUES (114, 2, 2, 114, '朋友劝她不要跟那个人搞<key>暧昧</key>，他有女朋友了。', NULL, NULL, NULL, 0, NOW(), NOW());
INSERT INTO `vocab_word` (id, word, word_traditional, pinyin, audio_id, hsk_level, create_time, update_time) VALUES (32, '安', NULL, 'ān', NULL, NULL, NOW(), NOW());
INSERT INTO `vocab_sense` (id, word_id, part_of_speech, chinese_def, def_audio_id, translations, synonyms, antonyms, related_forward, related_backward, sense_order, create_time, update_time) VALUES (37, 32, 'v.', '按照一定的标准，把某个东西组合起来或者固定到一定的地方。', NULL, '[{"lang": "en", "text": "to install; to fix; to fit"}]', NULL, NULL, '安插|安顿|安放|安家|安家立业|安家落户|安排|安身|安营|安葬|安置|安装', NULL, 0, NOW(), NOW());
INSERT INTO `vocab_structure` (id, word_id, sense_id, pattern, structure_order, create_time, update_time) VALUES (115, 32, 37, '<key>安</key>+O（电话/电灯/电池/水管/门窗/空调/热水器）', 0, NOW(), NOW());
INSERT INTO `vocab_example` (id, word_id, sense_id, structure_id, sentence, audio_id, pinyin, translations, example_order, create_time, update_time) VALUES (115, 32, 37, 115, '我们村每家都<key>安</key>了电话，大家联系起来方便多了。', NULL, NULL, NULL, 0, NOW(), NOW());
INSERT INTO `vocab_structure` (id, word_id, sense_id, pattern, structure_order, create_time, update_time) VALUES (116, 2, 2, '<key>安</key>+好/完/上/在/到', 0, NOW(), NOW());
INSERT INTO `vocab_example` (id, word_id, sense_id, structure_id, sentence, audio_id, pinyin, translations, example_order, create_time, update_time) VALUES (116, 2, 2, 116, '热水器<key>安</key>好了，以后可以洗热水澡了。', NULL, NULL, NULL, 0, NOW(), NOW());
INSERT INTO `vocab_structure` (id, word_id, sense_id, pattern, structure_order, create_time, update_time) VALUES (117, 2, 2, '<key>安</key>+得/不+好/完/上', 0, NOW(), NOW());
INSERT INTO `vocab_example` (id, word_id, sense_id, structure_id, sentence, audio_id, pinyin, translations, example_order, create_time, update_time) VALUES (117, 2, 2, 117, 'A：门窗一天<key>安</key>得完吗？<br/>B：一天<key>安</key>不完，得两天。', NULL, NULL, NULL, 0, NOW(), NOW());
INSERT INTO `vocab_structure` (id, word_id, sense_id, pattern, structure_order, create_time, update_time) VALUES (118, 2, 3, 'Sb+<key>安</key>+的+（是+）什么+心', 0, NOW(), NOW());
INSERT INTO `vocab_example` (id, word_id, sense_id, structure_id, sentence, audio_id, pinyin, translations, example_order, create_time, update_time) VALUES (118, 2, 3, 118, '你在我们最困难的时候撤出投资，你<key>安</key>的是什么心？', NULL, NULL, NULL, 0, NOW(), NOW());
INSERT INTO `vocab_structure` (id, word_id, sense_id, pattern, structure_order, create_time, update_time) VALUES (119, 2, 2, '没+<key>安</key>+（什么+）好+心', 0, NOW(), NOW());
INSERT INTO `vocab_example` (id, word_id, sense_id, structure_id, sentence, audio_id, pinyin, translations, example_order, create_time, update_time) VALUES (119, 2, 2, 119, '你要小心这个人，我觉得他没<key>安</key>什么好心。', NULL, NULL, NULL, 0, NOW(), NOW());
INSERT INTO `vocab_structure` (id, word_id, sense_id, pattern, structure_order, create_time, update_time) VALUES (120, 2, 10, '<key>安</key>+O（罪名/头衔）', 0, NOW(), NOW());
INSERT INTO `vocab_example` (id, word_id, sense_id, structure_id, sentence, audio_id, pinyin, translations, example_order, create_time, update_time) VALUES (120, 2, 10, 120, '不要乱<key>安</key>罪名，你们说话、做事都要有证据。', NULL, NULL, NULL, 0, NOW(), NOW());
INSERT INTO `vocab_structure` (id, word_id, sense_id, pattern, structure_order, create_time, update_time) VALUES (121, 2, 2, '罪名/头衔/功劳+<key>安</key>+在/到+Sb+身上', 0, NOW(), NOW());
INSERT INTO `vocab_example` (id, word_id, sense_id, structure_id, sentence, audio_id, pinyin, translations, example_order, create_time, update_time) VALUES (121, 2, 2, 121, '你们不要随便把罪名<key>安</key>在他身上。', NULL, NULL, NULL, 0, NOW(), NOW());
INSERT INTO `vocab_word` (id, word, word_traditional, pinyin, audio_id, hsk_level, create_time, update_time) VALUES (33, '安定', NULL, 'āndìng', NULL, NULL, NOW(), NOW());
INSERT INTO `vocab_sense` (id, word_id, part_of_speech, chinese_def, def_audio_id, translations, synonyms, antonyms, related_forward, related_backward, sense_order, create_time, update_time) VALUES (38, 33, 'adj.', '形容国家、社会或者生活平静、正常、稳定。', NULL, '[{"lang": "en", "text": "(society or life) peaceful and in order; stable; settled"}]', NULL, NULL, NULL, NULL, 0, NOW(), NOW());
INSERT INTO `vocab_structure` (id, word_id, sense_id, pattern, structure_order, create_time, update_time) VALUES (122, 33, 38, 'Sub（国家/社会/生活/人心/情绪/心神）+（很/不+）<key>安定</key>', 0, NOW(), NOW());
INSERT INTO `vocab_example` (id, word_id, sense_id, structure_id, sentence, audio_id, pinyin, translations, example_order, create_time, update_time) VALUES (122, 33, 38, 122, '目前，社会<key>安定</key>，国家发展的国际环境也很好。', NULL, NULL, NULL, 0, NOW(), NOW());
INSERT INTO `vocab_structure` (id, word_id, sense_id, pattern, structure_order, create_time, update_time) VALUES (123, 2, 2, '<key>安定</key>+的+N（国家/社会/局面/生活/人心/因素）', 0, NOW(), NOW());
INSERT INTO `vocab_example` (id, word_id, sense_id, structure_id, sentence, audio_id, pinyin, translations, example_order, create_time, update_time) VALUES (123, 2, 2, 123, '<key>安定</key>的社会和人心是经济发展的保障。', NULL, NULL, NULL, 0, NOW(), NOW());
INSERT INTO `vocab_structure` (id, word_id, sense_id, pattern, structure_order, create_time, update_time) VALUES (124, 2, 2, '<key>安定</key>+团结/祥和', 0, NOW(), NOW());
INSERT INTO `vocab_example` (id, word_id, sense_id, structure_id, sentence, audio_id, pinyin, translations, example_order, create_time, update_time) VALUES (124, 2, 2, 124, '现在，整个国家发展得特别好，人民<key>安定</key>团结。', NULL, NULL, NULL, 0, NOW(), NOW());
INSERT INTO `vocab_structure` (id, word_id, sense_id, pattern, structure_order, create_time, update_time) VALUES (125, 2, 2, '<key>安定</key>+下来', 0, NOW(), NOW());
INSERT INTO `vocab_example` (id, word_id, sense_id, structure_id, sentence, audio_id, pinyin, translations, example_order, create_time, update_time) VALUES (125, 2, 2, 125, '经过了十几年的战争，人们的生活终于<key>安定</key>下来了。', NULL, NULL, NULL, 0, NOW(), NOW());
INSERT INTO `vocab_structure` (id, word_id, sense_id, pattern, structure_order, create_time, update_time) VALUES (126, 2, 3, '<key>安定</key>+O（人心/民心/军心）', 0, NOW(), NOW());
INSERT INTO `vocab_example` (id, word_id, sense_id, structure_id, sentence, audio_id, pinyin, translations, example_order, create_time, update_time) VALUES (126, 2, 3, 126, '新的经济政策效果很好，<key>安定</key>了人心。', NULL, NULL, NULL, 0, NOW(), NOW());
INSERT INTO `vocab_word` (id, word, word_traditional, pinyin, audio_id, hsk_level, create_time, update_time) VALUES (34, '安分', NULL, 'ānfèn', NULL, NULL, NOW(), NOW());
INSERT INTO `vocab_sense` (id, word_id, part_of_speech, chinese_def, def_audio_id, translations, synonyms, antonyms, related_forward, related_backward, sense_order, create_time, update_time) VALUES (39, 34, 'adj.', '形容一个人很遵守纪律，做自己应该做的事情，不做不应该做的事情。', NULL, '[{"lang": "en", "text": "law-abiding; well-behaved"}]', NULL, NULL, NULL, NULL, 0, NOW(), NOW());
INSERT INTO `vocab_structure` (id, word_id, sense_id, pattern, structure_order, create_time, update_time) VALUES (127, 34, 39, 'Sb+很/不+<key>安分</key>', 0, NOW(), NOW());
INSERT INTO `vocab_example` (id, word_id, sense_id, structure_id, sentence, audio_id, pinyin, translations, example_order, create_time, update_time) VALUES (127, 34, 39, 127, '小明很不<key>安分</key>，上课总被老师批评。', NULL, NULL, NULL, 0, NOW(), NOW());
INSERT INTO `vocab_structure` (id, word_id, sense_id, pattern, structure_order, create_time, update_time) VALUES (128, 2, 2, '<key>安分</key>+守法/守纪/老实', 0, NOW(), NOW());
INSERT INTO `vocab_example` (id, word_id, sense_id, structure_id, sentence, audio_id, pinyin, translations, example_order, create_time, update_time) VALUES (128, 2, 2, 128, '老师说，我们每一个人都要做<key>安分</key>守法的公民。', NULL, NULL, NULL, 0, NOW(), NOW());
INSERT INTO `vocab_word` (id, word, word_traditional, pinyin, audio_id, hsk_level, create_time, update_time) VALUES (35, '安静', NULL, 'ānjìng', NULL, NULL, NOW(), NOW());
INSERT INTO `vocab_sense` (id, word_id, part_of_speech, chinese_def, def_audio_id, translations, synonyms, antonyms, related_forward, related_backward, sense_order, create_time, update_time) VALUES (40, 35, 'adj.', '周围环境里没有声音或者声音很小。', NULL, '[{"lang": "en", "text": "quiet; peaceful"}]', NULL, '吵闹', NULL, NULL, 0, NOW(), NOW());
INSERT INTO `vocab_structure` (id, word_id, sense_id, pattern, structure_order, create_time, update_time) VALUES (129, 35, 40, 'Sub（地方/校园/走廊/街道）+很/不+<key>安静</key>', 0, NOW(), NOW());
INSERT INTO `vocab_example` (id, word_id, sense_id, structure_id, sentence, audio_id, pinyin, translations, example_order, create_time, update_time) VALUES (129, 35, 40, 129, '这个地方白天很热闹，但是到了晚上很<key>安静</key>。', NULL, NULL, NULL, 0, NOW(), NOW());
INSERT INTO `vocab_structure` (id, word_id, sense_id, pattern, structure_order, create_time, update_time) VALUES (130, 2, 2, '<key>安静</key>+的+N（夜晚/村庄/校园/街道）', 0, NOW(), NOW());
INSERT INTO `vocab_example` (id, word_id, sense_id, structure_id, sentence, audio_id, pinyin, translations, example_order, create_time, update_time) VALUES (130, 2, 2, 130, '工作了一天，<key>安静</key>的夜晚让他觉得很放松。', NULL, NULL, NULL, 0, NOW(), NOW());
INSERT INTO `vocab_structure` (id, word_id, sense_id, pattern, structure_order, create_time, update_time) VALUES (131, 2, 2, '保持/恢复+<key>安静</key>', 0, NOW(), NOW());
INSERT INTO `vocab_example` (id, word_id, sense_id, structure_id, sentence, audio_id, pinyin, translations, example_order, create_time, update_time) VALUES (131, 2, 2, 131, '教室里正在考试，请大家保持<key>安静</key>。', NULL, NULL, NULL, 0, NOW(), NOW());
INSERT INTO `vocab_structure` (id, word_id, sense_id, pattern, structure_order, create_time, update_time) VALUES (132, 2, 2, '<key>安静</key>+下来/一下/一会<SMALL>儿</SMALL>', 0, NOW(), NOW());
INSERT INTO `vocab_example` (id, word_id, sense_id, structure_id, sentence, audio_id, pinyin, translations, example_order, create_time, update_time) VALUES (132, 2, 2, 132, '夜已经深了，街道慢慢<key>安静</key>下来。', NULL, NULL, NULL, 0, NOW(), NOW());
INSERT INTO `vocab_structure` (id, word_id, sense_id, pattern, structure_order, create_time, update_time) VALUES (133, 2, 2, '<key>安静</key>+得/不+下来', 0, NOW(), NOW());
INSERT INTO `vocab_example` (id, word_id, sense_id, structure_id, sentence, audio_id, pinyin, translations, example_order, create_time, update_time) VALUES (133, 2, 2, 133, '演出快开始了，可是剧场一直<key>安静</key>不下来。', NULL, NULL, NULL, 0, NOW(), NOW());
INSERT INTO `vocab_structure` (id, word_id, sense_id, pattern, structure_order, create_time, update_time) VALUES (134, 2, 2, '<key>安静</key>+极了', 0, NOW(), NOW());
INSERT INTO `vocab_example` (id, word_id, sense_id, structure_id, sentence, audio_id, pinyin, translations, example_order, create_time, update_time) VALUES (134, 2, 2, 134, '周围<key>安静</key>极了，没有一点<SMALL>儿</SMALL>声音。', NULL, NULL, NULL, 0, NOW(), NOW());
INSERT INTO `vocab_structure` (id, word_id, sense_id, pattern, structure_order, create_time, update_time) VALUES (135, 2, 3, '<key>安静</key>+的+生活/日子', 0, NOW(), NOW());
INSERT INTO `vocab_example` (id, word_id, sense_id, structure_id, sentence, audio_id, pinyin, translations, example_order, create_time, update_time) VALUES (135, 2, 3, 135, '他就想过<key>安静</key>的生活，有没有钱并不重要。', NULL, NULL, NULL, 0, NOW(), NOW());
INSERT INTO `vocab_structure` (id, word_id, sense_id, pattern, structure_order, create_time, update_time) VALUES (136, 2, 2, '<key>安静</key>+地+V（读书/躺着/望着/离开/坐在）', 0, NOW(), NOW());
INSERT INTO `vocab_example` (id, word_id, sense_id, structure_id, sentence, audio_id, pinyin, translations, example_order, create_time, update_time) VALUES (136, 2, 2, 136, '他们俩在图书馆里<key>安静</key>地读着书。', NULL, NULL, NULL, 0, NOW(), NOW());
INSERT INTO `vocab_structure` (id, word_id, sense_id, pattern, structure_order, create_time, update_time) VALUES (137, 2, 2, '<key>安安静静</key>', 0, NOW(), NOW());
INSERT INTO `vocab_example` (id, word_id, sense_id, structure_id, sentence, audio_id, pinyin, translations, example_order, create_time, update_time) VALUES (137, 2, 2, 137, '每天都忙于工作，他真希望能找个地方自己<key>安安静静</key>地生活。', NULL, NULL, NULL, 0, NOW(), NOW());
INSERT INTO `vocab_structure` (id, word_id, sense_id, pattern, structure_order, create_time, update_time) VALUES (138, 2, 10, 'Sub（Sb/性格）+很+<key>安静</key>', 0, NOW(), NOW());
INSERT INTO `vocab_example` (id, word_id, sense_id, structure_id, sentence, audio_id, pinyin, translations, example_order, create_time, update_time) VALUES (138, 2, 10, 138, '这个孩子很<key>安静</key>，不太爱说话。', NULL, NULL, NULL, 0, NOW(), NOW());
INSERT INTO `vocab_structure` (id, word_id, sense_id, pattern, structure_order, create_time, update_time) VALUES (139, 2, 2, '<key>安安静静</key>', 0, NOW(), NOW());
INSERT INTO `vocab_example` (id, word_id, sense_id, structure_id, sentence, audio_id, pinyin, translations, example_order, create_time, update_time) VALUES (139, 2, 2, 139, '这个女孩子很招人喜欢，<key>安安静静</key>的，也不多说话。', NULL, NULL, NULL, 0, NOW(), NOW());
INSERT INTO `vocab_word` (id, word, word_traditional, pinyin, audio_id, hsk_level, create_time, update_time) VALUES (36, '安居乐业', NULL, 'ānjū-lèyè', NULL, NULL, NOW(), NOW());
INSERT INTO `vocab_sense` (id, word_id, part_of_speech, chinese_def, def_audio_id, translations, synonyms, antonyms, related_forward, related_backward, sense_order, create_time, update_time) VALUES (41, 36, 'idiom', '非常安定地生活，非常快乐地工作。', NULL, '[{"lang": "en", "text": "live and work in peace and contentment"}]', NULL, NULL, NULL, NULL, 0, NOW(), NOW());
INSERT INTO `vocab_structure` (id, word_id, sense_id, pattern, structure_order, create_time, update_time) VALUES (140, 36, 41, 'Sub（百姓/人民/家家/家家户户）+<key>安居乐业</key>', 0, NOW(), NOW());
INSERT INTO `vocab_example` (id, word_id, sense_id, structure_id, sentence, audio_id, pinyin, translations, example_order, create_time, update_time) VALUES (140, 36, 41, 140, '这位政治家的理想就是百姓<key>安居乐业</key>，每个人都衣食无忧。', NULL, NULL, NULL, 0, NOW(), NOW());
INSERT INTO `vocab_word` (id, word, word_traditional, pinyin, audio_id, hsk_level, create_time, update_time) VALUES (37, '安宁', NULL, 'ānníng', NULL, NULL, NOW(), NOW());
INSERT INTO `vocab_sense` (id, word_id, part_of_speech, chinese_def, def_audio_id, translations, synonyms, antonyms, related_forward, related_backward, sense_order, create_time, update_time) VALUES (42, 37, 'adj.', '形容秩序正常，没有外来因素使混乱不安。', NULL, '[{"lang": "en", "text": "peaceful; tranquil"}]', NULL, NULL, NULL, NULL, 0, NOW(), NOW());
INSERT INTO `vocab_structure` (id, word_id, sense_id, pattern, structure_order, create_time, update_time) VALUES (141, 37, 42, 'Sub（边境/地方/村庄/社会）+（很/不+）<key>安宁</key>', 0, NOW(), NOW());
INSERT INTO `vocab_example` (id, word_id, sense_id, structure_id, sentence, audio_id, pinyin, translations, example_order, create_time, update_time) VALUES (141, 37, 42, 141, '最近边境不太<key>安宁</key>，常有人偷偷跨越边界。', NULL, NULL, NULL, 0, NOW(), NOW());
INSERT INTO `vocab_structure` (id, word_id, sense_id, pattern, structure_order, create_time, update_time) VALUES (142, 2, 2, 'V（守护/维护）+N（边境/地方/村庄/社会）+的+<key>安宁</key>', 0, NOW(), NOW());
INSERT INTO `vocab_example` (id, word_id, sense_id, structure_id, sentence, audio_id, pinyin, translations, example_order, create_time, update_time) VALUES (142, 2, 2, 142, '守护边境的<key>安宁</key>是我们军人的职责。', NULL, NULL, NULL, 0, NOW(), NOW());
INSERT INTO `vocab_structure` (id, word_id, sense_id, pattern, structure_order, create_time, update_time) VALUES (143, 2, 2, '<key>安宁</key>+祥和/富足；富足/平静/平和/和平+<key>安宁</key>', 0, NOW(), NOW());
INSERT INTO `vocab_example` (id, word_id, sense_id, structure_id, sentence, audio_id, pinyin, translations, example_order, create_time, update_time) VALUES (143, 2, 2, 143, '春节又到了，到处都充满了<key>安宁</key>祥和的节日气氛。', NULL, NULL, NULL, 0, NOW(), NOW());
INSERT INTO `vocab_structure` (id, word_id, sense_id, pattern, structure_order, create_time, update_time) VALUES (144, 2, 3, 'V（觉得/感到/感觉）+（很+）<key>安宁</key>', 0, NOW(), NOW());
INSERT INTO `vocab_example` (id, word_id, sense_id, structure_id, sentence, audio_id, pinyin, translations, example_order, create_time, update_time) VALUES (144, 2, 3, 144, '他把捡到的钱还给失主以后，才觉得<key>安宁</key>。', NULL, NULL, NULL, 0, NOW(), NOW());
INSERT INTO `vocab_structure` (id, word_id, sense_id, pattern, structure_order, create_time, update_time) VALUES (145, 2, 2, 'V（寻找/寻求/得到）+内心/灵魂/心灵+的+<key>安宁</key>', 0, NOW(), NOW());
INSERT INTO `vocab_example` (id, word_id, sense_id, structure_id, sentence, audio_id, pinyin, translations, example_order, create_time, update_time) VALUES (145, 2, 2, 145, '她去外地旅游就是想寻求一种内心的<key>安宁</key>。', NULL, NULL, NULL, 0, NOW(), NOW());
INSERT INTO `vocab_structure` (id, word_id, sense_id, pattern, structure_order, create_time, update_time) VALUES (146, 2, 2, '（使/让+Sb+）不得+<key>安宁</key>', 0, NOW(), NOW());
INSERT INTO `vocab_example` (id, word_id, sense_id, structure_id, sentence, audio_id, pinyin, translations, example_order, create_time, update_time) VALUES (146, 2, 2, 146, '他儿子天天给他惹麻烦，让他不得<key>安宁</key>。', NULL, NULL, NULL, 0, NOW(), NOW());
INSERT INTO `vocab_structure` (id, word_id, sense_id, pattern, structure_order, create_time, update_time) VALUES (147, 2, 2, '良心+不得+<key>安宁</key>', 0, NOW(), NOW());
INSERT INTO `vocab_example` (id, word_id, sense_id, structure_id, sentence, audio_id, pinyin, translations, example_order, create_time, update_time) VALUES (147, 2, 2, 147, '靠骗人赚钱的人，良心终究不得<key>安宁</key>。', NULL, NULL, NULL, 0, NOW(), NOW());
INSERT INTO `vocab_word` (id, word, word_traditional, pinyin, audio_id, hsk_level, create_time, update_time) VALUES (38, '安排', NULL, 'ānpái', NULL, NULL, NOW(), NOW());
INSERT INTO `vocab_sense` (id, word_id, part_of_speech, chinese_def, def_audio_id, translations, synonyms, antonyms, related_forward, related_backward, sense_order, create_time, update_time) VALUES (43, 38, 'v.', '按照一定的顺序或者规则处理事情。', NULL, '[{"lang": "en", "text": "to arrange (matters) according to the sequence or rules"}]', NULL, NULL, NULL, NULL, 0, NOW(), NOW());
INSERT INTO `vocab_structure` (id, word_id, sense_id, pattern, structure_order, create_time, update_time) VALUES (148, 38, 43, '<key>安排</key>+O[双音节]（工作/活动/人力/住房）', 0, NOW(), NOW());
INSERT INTO `vocab_example` (id, word_id, sense_id, structure_id, sentence, audio_id, pinyin, translations, example_order, create_time, update_time) VALUES (148, 38, 43, 148, '张经理负责<key>安排</key>员工每天的工作。', NULL, NULL, NULL, 0, NOW(), NOW());
INSERT INTO `vocab_structure` (id, word_id, sense_id, pattern, structure_order, create_time, update_time) VALUES (149, 2, 2, '<key>安排</key>+好/完/一下', 0, NOW(), NOW());
INSERT INTO `vocab_example` (id, word_id, sense_id, structure_id, sentence, audio_id, pinyin, translations, example_order, create_time, update_time) VALUES (149, 2, 2, 149, '活动已经<key>安排</key>好了，但房间还没<key>安排</key>好。', NULL, NULL, NULL, 0, NOW(), NOW());
INSERT INTO `vocab_structure` (id, word_id, sense_id, pattern, structure_order, create_time, update_time) VALUES (150, 2, 2, '<key>安排</key>+得+很+好/周到/隆重', 0, NOW(), NOW());
INSERT INTO `vocab_example` (id, word_id, sense_id, structure_id, sentence, audio_id, pinyin, translations, example_order, create_time, update_time) VALUES (150, 2, 2, 150, '他把工作<key>安排</key>得很好，你不用担心。', NULL, NULL, NULL, 0, NOW(), NOW());
INSERT INTO `vocab_structure` (id, word_id, sense_id, pattern, structure_order, create_time, update_time) VALUES (151, 2, 2, '妥善/合理/精心（+地）+<key>安排</key>', 0, NOW(), NOW());
INSERT INTO `vocab_example` (id, word_id, sense_id, structure_id, sentence, audio_id, pinyin, translations, example_order, create_time, update_time) VALUES (151, 2, 2, 151, '他离开以后，我们会妥善<key>安排</key>他留下的工作。', NULL, NULL, NULL, 0, NOW(), NOW());
INSERT INTO `vocab_structure` (id, word_id, sense_id, pattern, structure_order, create_time, update_time) VALUES (152, 2, 3, '<key>安排</key>+Sb+V', 0, NOW(), NOW());
INSERT INTO `vocab_example` (id, word_id, sense_id, structure_id, sentence, audio_id, pinyin, translations, example_order, create_time, update_time) VALUES (152, 2, 3, 152, '老板<key>安排</key>他当经理，他非常高兴。', NULL, NULL, NULL, 0, NOW(), NOW());
INSERT INTO `vocab_structure` (id, word_id, sense_id, pattern, structure_order, create_time, update_time) VALUES (153, 2, 2, '<key>安排</key>+在/到', 0, NOW(), NOW());
INSERT INTO `vocab_example` (id, word_id, sense_id, structure_id, sentence, audio_id, pinyin, translations, example_order, create_time, update_time) VALUES (153, 2, 2, 153, '厂长把新来的工人<key>安排</key>在我们车间了。', NULL, NULL, NULL, 0, NOW(), NOW());
INSERT INTO `vocab_structure` (id, word_id, sense_id, pattern, structure_order, create_time, update_time) VALUES (154, 2, 2, '<key>安排</key>+（得/不+）好/完', 0, NOW(), NOW());
INSERT INTO `vocab_example` (id, word_id, sense_id, structure_id, sentence, audio_id, pinyin, translations, example_order, create_time, update_time) VALUES (154, 2, 2, 154, '他的工作已经<key>安排</key>好了，在学校教务处。', NULL, NULL, NULL, 0, NOW(), NOW());
INSERT INTO `vocab_structure` (id, word_id, sense_id, pattern, structure_order, create_time, update_time) VALUES (155, 2, 10, 'Modifier（Sb/这样/那样）+的+<key>安排</key>', 0, NOW(), NOW());
INSERT INTO `vocab_example` (id, word_id, sense_id, structure_id, sentence, audio_id, pinyin, translations, example_order, create_time, update_time) VALUES (155, 2, 10, 155, '我不同意你的<key>安排</key>，活动时间定在七点开始有点<SMALL>儿</SMALL>太早了。', NULL, NULL, NULL, 0, NOW(), NOW());
INSERT INTO `vocab_structure` (id, word_id, sense_id, pattern, structure_order, create_time, update_time) VALUES (156, 2, 2, '有/没有+什么+<key>安排</key>', 0, NOW(), NOW());
INSERT INTO `vocab_example` (id, word_id, sense_id, structure_id, sentence, audio_id, pinyin, translations, example_order, create_time, update_time) VALUES (156, 2, 2, 156, '你们下周有什么<key>安排</key>吗？', NULL, NULL, NULL, 0, NOW(), NOW());
INSERT INTO `vocab_structure` (id, word_id, sense_id, pattern, structure_order, create_time, update_time) VALUES (157, 2, 2, '日程+<key>安排</key>', 0, NOW(), NOW());
INSERT INTO `vocab_example` (id, word_id, sense_id, structure_id, sentence, audio_id, pinyin, translations, example_order, create_time, update_time) VALUES (157, 2, 2, 157, '你看一下，这是我们会议的日程<key>安排</key>。', NULL, NULL, NULL, 0, NOW(), NOW());
INSERT INTO `vocab_word` (id, word, word_traditional, pinyin, audio_id, hsk_level, create_time, update_time) VALUES (39, '安全', NULL, 'ānquán', NULL, NULL, NOW(), NOW());
INSERT INTO `vocab_sense` (id, word_id, part_of_speech, chinese_def, def_audio_id, translations, synonyms, antonyms, related_forward, related_backward, sense_order, create_time, update_time) VALUES (44, 39, 'adj.', '平安；没有危险。', NULL, '[{"lang": "en", "text": "safe; secure"}]', NULL, '危险', NULL, NULL, 0, NOW(), NOW());
INSERT INTO `vocab_structure` (id, word_id, sense_id, pattern, structure_order, create_time, update_time) VALUES (158, 39, 44, 'Sub+很/不+<key>安全</key>', 0, NOW(), NOW());
INSERT INTO `vocab_example` (id, word_id, sense_id, structure_id, sentence, audio_id, pinyin, translations, example_order, create_time, update_time) VALUES (158, 39, 44, 158, '放心吧！校园附近很<key>安全</key>。', NULL, NULL, NULL, 0, NOW(), NOW());
INSERT INTO `vocab_structure` (id, word_id, sense_id, pattern, structure_order, create_time, update_time) VALUES (159, 2, 2, '<key>安全</key>（+地）+V[双音节]（行车/驾驶/起飞/降落/操作）', 0, NOW(), NOW());
INSERT INTO `vocab_example` (id, word_id, sense_id, structure_id, sentence, audio_id, pinyin, translations, example_order, create_time, update_time) VALUES (159, 2, 2, 159, '飞机已经<key>安全</key>地起飞了。', NULL, NULL, NULL, 0, NOW(), NOW());
INSERT INTO `vocab_structure` (id, word_id, sense_id, pattern, structure_order, create_time, update_time) VALUES (160, 2, 2, 'V（注意/保障/感到）+<key>安全</key>', 0, NOW(), NOW());
INSERT INTO `vocab_example` (id, word_id, sense_id, structure_id, sentence, audio_id, pinyin, translations, example_order, create_time, update_time) VALUES (160, 2, 2, 160, '注意<key>安全</key>！', NULL, NULL, NULL, 0, NOW(), NOW());
INSERT INTO `vocab_structure` (id, word_id, sense_id, pattern, structure_order, create_time, update_time) VALUES (161, 2, 2, '<key>安全</key>+N[双音节]（措施/设施/防护/问题/须知/意识）', 0, NOW(), NOW());
INSERT INTO `vocab_example` (id, word_id, sense_id, structure_id, sentence, audio_id, pinyin, translations, example_order, create_time, update_time) VALUES (161, 2, 2, 161, '这里的<key>安全</key>措施很完备。', NULL, NULL, NULL, 0, NOW(), NOW());
INSERT INTO `vocab_structure` (id, word_id, sense_id, pattern, structure_order, create_time, update_time) VALUES (162, 2, 2, 'N（国家/人身/公众/交通）+<key>安全</key>', 0, NOW(), NOW());
INSERT INTO `vocab_example` (id, word_id, sense_id, structure_id, sentence, audio_id, pinyin, translations, example_order, create_time, update_time) VALUES (162, 2, 2, 162, '国家<key>安全</key>高于一切。', NULL, NULL, NULL, 0, NOW(), NOW());
INSERT INTO `vocab_structure` (id, word_id, sense_id, pattern, structure_order, create_time, update_time) VALUES (163, 2, 3, 'Sub(财产/信息/国家/领土）+<key>安全</key>', 0, NOW(), NOW());
INSERT INTO `vocab_example` (id, word_id, sense_id, structure_id, sentence, audio_id, pinyin, translations, example_order, create_time, update_time) VALUES (163, 2, 3, 163, '国家领土<key>安全</key>高于一切。', NULL, NULL, NULL, 0, NOW(), NOW());
INSERT INTO `vocab_structure` (id, word_id, sense_id, pattern, structure_order, create_time, update_time) VALUES (164, 2, 2, '很/不+<key>安全</key>', 0, NOW(), NOW());
INSERT INTO `vocab_example` (id, word_id, sense_id, structure_id, sentence, audio_id, pinyin, translations, example_order, create_time, update_time) VALUES (164, 2, 2, 164, '这个账户密码太简单了，不<key>安全</key>。', NULL, NULL, NULL, 0, NOW(), NOW());
INSERT INTO `vocab_word` (id, word, word_traditional, pinyin, audio_id, hsk_level, create_time, update_time) VALUES (40, '安慰', NULL, 'ānwèi', NULL, NULL, NOW(), NOW());
INSERT INTO `vocab_sense` (id, word_id, part_of_speech, chinese_def, def_audio_id, translations, synonyms, antonyms, related_forward, related_backward, sense_order, create_time, update_time) VALUES (45, 40, 'v.', '（当别人发生不好的事情的时候）用语言或者动作使别人减轻痛苦， 变得平静 。', NULL, '[{"lang": "en", "text": "to comfort; to console"}]', NULL, NULL, NULL, NULL, 0, NOW(), NOW());
INSERT INTO `vocab_structure` (id, word_id, sense_id, pattern, structure_order, create_time, update_time) VALUES (165, 40, 45, 'Sb1+<key>安慰</key>+Sb2', 0, NOW(), NOW());
INSERT INTO `vocab_example` (id, word_id, sense_id, structure_id, sentence, audio_id, pinyin, translations, example_order, create_time, update_time) VALUES (165, 40, 45, 165, '妈妈<key>安慰</key>小明，一次考试失败并不能代表什么。', NULL, NULL, NULL, 0, NOW(), NOW());
INSERT INTO `vocab_structure` (id, word_id, sense_id, pattern, structure_order, create_time, update_time) VALUES (166, 2, 2, 'V（会/善于/学习/需要）+<key>安慰</key>', 0, NOW(), NOW());
INSERT INTO `vocab_example` (id, word_id, sense_id, structure_id, sentence, audio_id, pinyin, translations, example_order, create_time, update_time) VALUES (166, 2, 2, 166, '李老师很善于<key>安慰</key>学生的情绪。', NULL, NULL, NULL, 0, NOW(), NOW());
INSERT INTO `vocab_structure` (id, word_id, sense_id, pattern, structure_order, create_time, update_time) VALUES (167, 2, 2, '互相/轻声/极力/怎么/如何/耐心/用…+<key>安慰</key>', 0, NOW(), NOW());
INSERT INTO `vocab_example` (id, word_id, sense_id, structure_id, sentence, audio_id, pinyin, translations, example_order, create_time, update_time) VALUES (167, 2, 2, 167, '两个受伤的人正在互相<key>安慰</key>。', NULL, NULL, NULL, 0, NOW(), NOW());
INSERT INTO `vocab_structure` (id, word_id, sense_id, pattern, structure_order, create_time, update_time) VALUES (168, 2, 2, '<key>安慰</key>+好/一下', 0, NOW(), NOW());
INSERT INTO `vocab_example` (id, word_id, sense_id, structure_id, sentence, audio_id, pinyin, translations, example_order, create_time, update_time) VALUES (168, 2, 2, 168, '你让她生气了，你得负责把她<key>安慰</key>好。', NULL, NULL, NULL, 0, NOW(), NOW());
INSERT INTO `vocab_structure` (id, word_id, sense_id, pattern, structure_order, create_time, update_time) VALUES (169, 2, 2, '<key>安慰</key><key>安慰</key>', 0, NOW(), NOW());
INSERT INTO `vocab_example` (id, word_id, sense_id, structure_id, sentence, audio_id, pinyin, translations, example_order, create_time, update_time) VALUES (169, 2, 2, 169, '他面试没通过，很难过，你<key>安慰</key><key>安慰</key>他吧！', NULL, NULL, NULL, 0, NOW(), NOW());
INSERT INTO `vocab_structure` (id, word_id, sense_id, pattern, structure_order, create_time, update_time) VALUES (170, 2, 2, '自我+<key>安慰</key>', 0, NOW(), NOW());
INSERT INTO `vocab_example` (id, word_id, sense_id, structure_id, sentence, audio_id, pinyin, translations, example_order, create_time, update_time) VALUES (170, 2, 2, 170, '我们常说“旧的不去新的不来”，这其实是一种自我<key>安慰</key>。', NULL, NULL, NULL, 0, NOW(), NOW());
INSERT INTO `vocab_structure` (id, word_id, sense_id, pattern, structure_order, create_time, update_time) VALUES (171, 2, 3, 'Modifier（Sb/精神上/小小/最大/莫大）+的+<key>安慰</key>', 0, NOW(), NOW());
INSERT INTO `vocab_example` (id, word_id, sense_id, structure_id, sentence, audio_id, pinyin, translations, example_order, create_time, update_time) VALUES (171, 2, 3, 171, '他的<key>安慰</key>让我心情好了很多。', NULL, NULL, NULL, 0, NOW(), NOW());
INSERT INTO `vocab_structure` (id, word_id, sense_id, pattern, structure_order, create_time, update_time) VALUES (172, 2, 2, 'V（得到/寻求/带来）+<key>安慰</key>', 0, NOW(), NOW());
INSERT INTO `vocab_example` (id, word_id, sense_id, structure_id, sentence, audio_id, pinyin, translations, example_order, create_time, update_time) VALUES (172, 2, 2, 172, '她从工作中得到了很多<key>安慰</key>。', NULL, NULL, NULL, 0, NOW(), NOW());
INSERT INTO `vocab_structure` (id, word_id, sense_id, pattern, structure_order, create_time, update_time) VALUES (173, 2, 2, '给+Sb+<key>安慰</key>', 0, NOW(), NOW());
INSERT INTO `vocab_example` (id, word_id, sense_id, structure_id, sentence, audio_id, pinyin, translations, example_order, create_time, update_time) VALUES (173, 2, 2, 173, '虽然婚姻失败了，但工作的成功给了她一些<key>安慰</key>。', NULL, NULL, NULL, 0, NOW(), NOW());
INSERT INTO `vocab_word` (id, word, word_traditional, pinyin, audio_id, hsk_level, create_time, update_time) VALUES (41, '安稳', NULL, 'ānwěn', NULL, NULL, NOW(), NOW());
INSERT INTO `vocab_sense` (id, word_id, part_of_speech, chinese_def, def_audio_id, translations, synonyms, antonyms, related_forward, related_backward, sense_order, create_time, update_time) VALUES (46, 41, 'adj.', '（船、汽车等）很稳，不摆动。', NULL, '[{"lang": "en", "text": "smooth and steady; secure"}]', NULL, NULL, NULL, NULL, 0, NOW(), NOW());
INSERT INTO `vocab_structure` (id, word_id, sense_id, pattern, structure_order, create_time, update_time) VALUES (174, 41, 46, '<key>安稳</key>+地+V（航行/行驶/飞行）', 0, NOW(), NOW());
INSERT INTO `vocab_example` (id, word_id, sense_id, structure_id, sentence, audio_id, pinyin, translations, example_order, create_time, update_time) VALUES (174, 41, 46, 174, '轮船<key>安稳</key>地航行在大海上，旅途很顺利。', NULL, NULL, NULL, 0, NOW(), NOW());
INSERT INTO `vocab_structure` (id, word_id, sense_id, pattern, structure_order, create_time, update_time) VALUES (175, 2, 2, 'V+得+很/不+<key>安稳</key>', 0, NOW(), NOW());
INSERT INTO `vocab_example` (id, word_id, sense_id, structure_id, sentence, audio_id, pinyin, translations, example_order, create_time, update_time) VALUES (175, 2, 2, 175, '这辆车虽然装了很多货，但是行驶得很<key>安稳</key>。', NULL, NULL, NULL, 0, NOW(), NOW());
INSERT INTO `vocab_structure` (id, word_id, sense_id, pattern, structure_order, create_time, update_time) VALUES (176, 2, 3, 'V（睡/过/工作/生活）+得+很/不+<key>安稳</key>', 0, NOW(), NOW());
INSERT INTO `vocab_example` (id, word_id, sense_id, structure_id, sentence, audio_id, pinyin, translations, example_order, create_time, update_time) VALUES (176, 2, 3, 176, '工作终于忙完了，他睡得很<key>安稳</key>。', NULL, NULL, NULL, 0, NOW(), NOW());
INSERT INTO `vocab_structure` (id, word_id, sense_id, pattern, structure_order, create_time, update_time) VALUES (177, 2, 2, '<key>安稳</key>（+的）+N（觉/日子/工作/生活）', 0, NOW(), NOW());
INSERT INTO `vocab_example` (id, word_id, sense_id, structure_id, sentence, audio_id, pinyin, translations, example_order, create_time, update_time) VALUES (177, 2, 2, 177, '自从孩子出生以后，她就再也没有睡过一个<key>安稳</key>觉。', NULL, NULL, NULL, 0, NOW(), NOW());
INSERT INTO `vocab_structure` (id, word_id, sense_id, pattern, structure_order, create_time, update_time) VALUES (178, 2, 2, '<key>安安稳稳</key>', 0, NOW(), NOW());
INSERT INTO `vocab_example` (id, word_id, sense_id, structure_id, sentence, audio_id, pinyin, translations, example_order, create_time, update_time) VALUES (178, 2, 2, 178, '父母希望他回老家找个稳定的工作，<key>安安稳稳</key>地生活。', NULL, NULL, NULL, 0, NOW(), NOW());
INSERT INTO `vocab_structure` (id, word_id, sense_id, pattern, structure_order, create_time, update_time) VALUES (179, 2, 10, '<key>安稳</key>+地+V', 0, NOW(), NOW());
INSERT INTO `vocab_example` (id, word_id, sense_id, structure_id, sentence, audio_id, pinyin, translations, example_order, create_time, update_time) VALUES (179, 2, 10, 179, '外面很吵，可她却<key>安稳</key>地在房间里复习，完全不受影响。', NULL, NULL, NULL, 0, NOW(), NOW());
INSERT INTO `vocab_structure` (id, word_id, sense_id, pattern, structure_order, create_time, update_time) VALUES (180, 2, 2, 'Sub（Sb/性格/举止）+（很+）<key>安稳</key>', 0, NOW(), NOW());
INSERT INTO `vocab_example` (id, word_id, sense_id, structure_id, sentence, audio_id, pinyin, translations, example_order, create_time, update_time) VALUES (180, 2, 2, 180, '那个小姑娘一直安安静静地坐着，显得很<key>安稳</key>。', NULL, NULL, NULL, 0, NOW(), NOW());
INSERT INTO `vocab_word` (id, word, word_traditional, pinyin, audio_id, hsk_level, create_time, update_time) VALUES (42, '安详', NULL, 'ānxiáng', NULL, NULL, NOW(), NOW());
INSERT INTO `vocab_sense` (id, word_id, part_of_speech, chinese_def, def_audio_id, translations, synonyms, antonyms, related_forward, related_backward, sense_order, create_time, update_time) VALUES (47, 42, 'adj.', '（表情、样子等）很平静，很稳重；不着急。', NULL, '[{"lang": "en", "text": "serene; composed; peaceful"}]', NULL, NULL, NULL, NULL, 0, NOW(), NOW());
INSERT INTO `vocab_structure` (id, word_id, sense_id, pattern, structure_order, create_time, update_time) VALUES (181, 42, 47, 'Sub（神态/面容/举止/表情）+（很+）<key>安详</key>', 0, NOW(), NOW());
INSERT INTO `vocab_example` (id, word_id, sense_id, structure_id, sentence, audio_id, pinyin, translations, example_order, create_time, update_time) VALUES (181, 42, 47, 181, '照片中的老人面容<key>安详</key>。', NULL, NULL, NULL, 0, NOW(), NOW());
INSERT INTO `vocab_structure` (id, word_id, sense_id, pattern, structure_order, create_time, update_time) VALUES (182, 2, 2, '<key>安详</key>+的+N（神态/面容/举止/表情）', 0, NOW(), NOW());
INSERT INTO `vocab_example` (id, word_id, sense_id, structure_id, sentence, audio_id, pinyin, translations, example_order, create_time, update_time) VALUES (182, 2, 2, 182, '这尊雕像<key>安详</key>的神态吸引了大家的注意。', NULL, NULL, NULL, 0, NOW(), NOW());
INSERT INTO `vocab_structure` (id, word_id, sense_id, pattern, structure_order, create_time, update_time) VALUES (183, 2, 2, '<key>安祥</key>+地+V（看/坐/望/躺）', 0, NOW(), NOW());
INSERT INTO `vocab_example` (id, word_id, sense_id, structure_id, sentence, audio_id, pinyin, translations, example_order, create_time, update_time) VALUES (183, 2, 2, 183, '奶奶<key>安详</key>地看着大家，认真地听大家谈话。', NULL, NULL, NULL, 0, NOW(), NOW());
INSERT INTO `vocab_structure` (id, word_id, sense_id, pattern, structure_order, create_time, update_time) VALUES (184, 2, 2, '宁静/平静+<key>安详</key>；<key>安详</key>+宁静/平静/自若', 0, NOW(), NOW());
INSERT INTO `vocab_example` (id, word_id, sense_id, structure_id, sentence, audio_id, pinyin, translations, example_order, create_time, update_time) VALUES (184, 2, 2, 184, '她的神态平静<key>安详</key>，看不出什么痛苦。', NULL, NULL, NULL, 0, NOW(), NOW());
INSERT INTO `vocab_word` (id, word, word_traditional, pinyin, audio_id, hsk_level, create_time, update_time) VALUES (43, '安心\n        <sup>1</sup> \n      ', NULL, 'ān∥xīn', NULL, NULL, NOW(), NOW());
INSERT INTO `vocab_sense` (id, word_id, part_of_speech, chinese_def, def_audio_id, translations, synonyms, antonyms, related_forward, related_backward, sense_order, create_time, update_time) VALUES (48, 43, 'v.o.', '心里有其他想法（一般是不好的目的或者打算），多用于否定句或者疑问句。', NULL, '[{"lang": "en", "text": "to harbor an (evil) intention"}]', NULL, NULL, NULL, NULL, 0, NOW(), NOW());
INSERT INTO `vocab_structure` (id, word_id, sense_id, pattern, structure_order, create_time, update_time) VALUES (185, 43, 48, 'Sb+<key>安</key>+的+（是+）什么+<key>心</key>', 0, NOW(), NOW());
INSERT INTO `vocab_example` (id, word_id, sense_id, structure_id, sentence, audio_id, pinyin, translations, example_order, create_time, update_time) VALUES (185, 43, 48, 185, '你跟领导说我坏话，你<key>安</key>的是什么<key>心</key>？', NULL, NULL, NULL, 0, NOW(), NOW());
INSERT INTO `vocab_structure` (id, word_id, sense_id, pattern, structure_order, create_time, update_time) VALUES (186, 2, 2, '不/没+<key>安</key>+（什么+）好+<key>心</key>', 0, NOW(), NOW());
INSERT INTO `vocab_example` (id, word_id, sense_id, structure_id, sentence, audio_id, pinyin, translations, example_order, create_time, update_time) VALUES (186, 2, 2, 186, '他在你破产的时候来找你，我觉得他没<key>安</key>什么好<key>心</key>。', NULL, NULL, NULL, 0, NOW(), NOW());
INSERT INTO `vocab_structure` (id, word_id, sense_id, pattern, structure_order, create_time, update_time) VALUES (187, 2, 2, '<key>安</key>+下+<key>心</key>+来+V', 0, NOW(), NOW());
INSERT INTO `vocab_example` (id, word_id, sense_id, structure_id, sentence, audio_id, pinyin, translations, example_order, create_time, update_time) VALUES (187, 2, 2, 187, '你还有一年就考大学了，一定要<key>安</key>下<key>心</key>来好好学习。', NULL, NULL, NULL, 0, NOW(), NOW());
INSERT INTO `vocab_structure` (id, word_id, sense_id, pattern, structure_order, create_time, update_time) VALUES (188, 2, 2, '<key>安</key>+得/不+下+<key>心</key>', 0, NOW(), NOW());
INSERT INTO `vocab_example` (id, word_id, sense_id, structure_id, sentence, audio_id, pinyin, translations, example_order, create_time, update_time) VALUES (188, 2, 2, 188, '她还太年轻，根本<key>安</key>不下<key>心</key>来做研究。', NULL, NULL, NULL, 0, NOW(), NOW());
INSERT INTO `vocab_word` (id, word, word_traditional, pinyin, audio_id, hsk_level, create_time, update_time) VALUES (44, '安心\n        <sup>2</sup> \n      ', NULL, 'ānxīn', NULL, NULL, NOW(), NOW());
INSERT INTO `vocab_sense` (id, word_id, part_of_speech, chinese_def, def_audio_id, translations, synonyms, antonyms, related_forward, related_backward, sense_order, create_time, update_time) VALUES (49, 44, 'adj.', '（心情）很平静，很安定；放心的。', NULL, '[{"lang": "en", "text": "peaceful; reassured"}]', NULL, NULL, NULL, NULL, 0, NOW(), NOW());
INSERT INTO `vocab_structure` (id, word_id, sense_id, pattern, structure_order, create_time, update_time) VALUES (189, 44, 49, 'Sb+觉得/感到+（很+）<key>安心</key>', 0, NOW(), NOW());
INSERT INTO `vocab_example` (id, word_id, sense_id, structure_id, sentence, audio_id, pinyin, translations, example_order, create_time, update_time) VALUES (189, 44, 49, 189, '爸爸妈妈在身边，她就感到很<key>安心</key>。', NULL, NULL, NULL, 0, NOW(), NOW());
INSERT INTO `vocab_structure` (id, word_id, sense_id, pattern, structure_order, create_time, update_time) VALUES (190, 2, 2, '<key>安心</key>+（地+）V（休息/休养/睡觉/上街）', 0, NOW(), NOW());
INSERT INTO `vocab_example` (id, word_id, sense_id, structure_id, sentence, audio_id, pinyin, translations, example_order, create_time, update_time) VALUES (190, 2, 2, 190, '你<key>安心</key>休息，不要担心，公司那边有老张呢。', NULL, NULL, NULL, 0, NOW(), NOW());
INSERT INTO `vocab_structure` (id, word_id, sense_id, pattern, structure_order, create_time, update_time) VALUES (191, 2, 3, '<key>安心</key>+V（工作/务农/做事/养病/学习/读书）', 0, NOW(), NOW());
INSERT INTO `vocab_example` (id, word_id, sense_id, structure_id, sentence, audio_id, pinyin, translations, example_order, create_time, update_time) VALUES (191, 2, 3, 191, '妈妈每次写信都说让我<key>安心</key>工作，不要担心她和爸爸。', NULL, NULL, NULL, 0, NOW(), NOW());
INSERT INTO `vocab_word` (id, word, word_traditional, pinyin, audio_id, hsk_level, create_time, update_time) VALUES (45, '安置', NULL, 'ānzhì', NULL, NULL, NOW(), NOW());
INSERT INTO `vocab_sense` (id, word_id, part_of_speech, chinese_def, def_audio_id, translations, synonyms, antonyms, related_forward, related_backward, sense_order, create_time, update_time) VALUES (50, 45, 'v.', '把某些人安排在某个地方或者位置上；把某个东西放在应该放的位置上。特指给有困难的人提供必要的生活条件。', NULL, '[{"lang": "en", "text": "to put sb or sth in a particular place; to provide accommodations for sb in difficulties"}]', NULL, NULL, NULL, NULL, 0, NOW(), NOW());
INSERT INTO `vocab_structure` (id, word_id, sense_id, pattern, structure_order, create_time, update_time) VALUES (192, 45, 50, '<key>安置</key>+O（…人员/灾民/移民/货物/行李）', 0, NOW(), NOW());
INSERT INTO `vocab_example` (id, word_id, sense_id, structure_id, sentence, audio_id, pinyin, translations, example_order, create_time, update_time) VALUES (192, 45, 50, 192, '市长说<key>安置</key>拆迁人员是目前工作的重点。', NULL, NULL, NULL, 0, NOW(), NOW());
INSERT INTO `vocab_structure` (id, word_id, sense_id, pattern, structure_order, create_time, update_time) VALUES (193, 2, 2, '适当/妥善/临时/秘密/重新/暂时/分别/好好（+地）+<key>安置</key>', 0, NOW(), NOW());
INSERT INTO `vocab_example` (id, word_id, sense_id, structure_id, sentence, audio_id, pinyin, translations, example_order, create_time, update_time) VALUES (193, 2, 2, 193, '当地政府承诺会妥善<key>安置</key>移民。', NULL, NULL, NULL, 0, NOW(), NOW());
INSERT INTO `vocab_structure` (id, word_id, sense_id, pattern, structure_order, create_time, update_time) VALUES (194, 2, 2, '拆迁/搬迁/移民+<key>安置</key>', 0, NOW(), NOW());
INSERT INTO `vocab_example` (id, word_id, sense_id, structure_id, sentence, audio_id, pinyin, translations, example_order, create_time, update_time) VALUES (194, 2, 2, 194, '这个地区的拆迁<key>安置</key>很顺利。', NULL, NULL, NULL, 0, NOW(), NOW());
INSERT INTO `vocab_structure` (id, word_id, sense_id, pattern, structure_order, create_time, update_time) VALUES (195, 2, 2, '<key>安置</key>+好/妥当/到/在', 0, NOW(), NOW());
INSERT INTO `vocab_example` (id, word_id, sense_id, structure_id, sentence, audio_id, pinyin, translations, example_order, create_time, update_time) VALUES (195, 2, 2, 195, '市长在讲话中提到，一定要<key>安置</key>好在洪水中失去房子的老百姓。', NULL, NULL, NULL, 0, NOW(), NOW());
INSERT INTO `vocab_structure` (id, word_id, sense_id, pattern, structure_order, create_time, update_time) VALUES (196, 2, 2, '<key>安置</key>+得/不+好/下/完', 0, NOW(), NOW());
INSERT INTO `vocab_example` (id, word_id, sense_id, structure_id, sentence, audio_id, pinyin, translations, example_order, create_time, update_time) VALUES (196, 2, 2, 196, '他说自己<key>安置</key>不完灾民就不休息。', NULL, NULL, NULL, 0, NOW(), NOW());
INSERT INTO `vocab_structure` (id, word_id, sense_id, pattern, structure_order, create_time, update_time) VALUES (197, 2, 2, '<key>安置</key>+得+很/不+好/妥当', 0, NOW(), NOW());
INSERT INTO `vocab_example` (id, word_id, sense_id, structure_id, sentence, audio_id, pinyin, translations, example_order, create_time, update_time) VALUES (197, 2, 2, 197, '新来的工人被<key>安置</key>得很好，他们很快就适应了。', NULL, NULL, NULL, 0, NOW(), NOW());
INSERT INTO `vocab_structure` (id, word_id, sense_id, pattern, structure_order, create_time, update_time) VALUES (198, 2, 2, '<key>安置</key>+N（费/款/房/问题/人员/办法/标准）', 0, NOW(), NOW());
INSERT INTO `vocab_example` (id, word_id, sense_id, structure_id, sentence, audio_id, pinyin, translations, example_order, create_time, update_time) VALUES (198, 2, 2, 198, '他们一收到<key>安置</key>款就搬走了。', NULL, NULL, NULL, 0, NOW(), NOW());
INSERT INTO `vocab_word` (id, word, word_traditional, pinyin, audio_id, hsk_level, create_time, update_time) VALUES (46, '安装', NULL, 'ānzhuāng', NULL, NULL, NOW(), NOW());
INSERT INTO `vocab_sense` (id, word_id, part_of_speech, chinese_def, def_audio_id, translations, synonyms, antonyms, related_forward, related_backward, sense_order, create_time, update_time) VALUES (51, 46, 'v.', '按照一定的方法把机器或者设备的各个部分组合在一起或者固定在一个地方。', NULL, '[{"lang": "en", "text": "to install; to fix; to set up"}]', NULL, NULL, NULL, NULL, 0, NOW(), NOW());
INSERT INTO `vocab_structure` (id, word_id, sense_id, pattern, structure_order, create_time, update_time) VALUES (199, 46, 51, '<key>安装</key>+O（机器/设备/电话/水管/天线/电池/空调）', 0, NOW(), NOW());
INSERT INTO `vocab_example` (id, word_id, sense_id, structure_id, sentence, audio_id, pinyin, translations, example_order, create_time, update_time) VALUES (199, 46, 51, 199, '几个工人正在<key>安装</key>新房子的供暖设备。', NULL, NULL, NULL, 0, NOW(), NOW());
INSERT INTO `vocab_structure` (id, word_id, sense_id, pattern, structure_order, create_time, update_time) VALUES (200, 2, 2, '非法/重新/临时/早已+<key>安装</key>', 0, NOW(), NOW());
INSERT INTO `vocab_example` (id, word_id, sense_id, structure_id, sentence, audio_id, pinyin, translations, example_order, create_time, update_time) VALUES (200, 2, 2, 200, '这个摄像头是非法<key>安装</key>的，管理部门要求拆除。', NULL, NULL, NULL, 0, NOW(), NOW());
INSERT INTO `vocab_structure` (id, word_id, sense_id, pattern, structure_order, create_time, update_time) VALUES (201, 2, 2, '<key>安装</key>+好/完', 0, NOW(), NOW());
INSERT INTO `vocab_example` (id, word_id, sense_id, structure_id, sentence, audio_id, pinyin, translations, example_order, create_time, update_time) VALUES (201, 2, 2, 201, '工人说空调<key>安装</key>好了，让我们打开试试。', NULL, NULL, NULL, 0, NOW(), NOW());
INSERT INTO `vocab_structure` (id, word_id, sense_id, pattern, structure_order, create_time, update_time) VALUES (202, 2, 2, '<key>安装</key>+得/不+了/好/完', 0, NOW(), NOW());
INSERT INTO `vocab_example` (id, word_id, sense_id, structure_id, sentence, audio_id, pinyin, translations, example_order, create_time, update_time) VALUES (202, 2, 2, 202, '这个设备很简单，自己看说明书就<key>安装</key>得了。', NULL, NULL, NULL, 0, NOW(), NOW());
INSERT INTO `vocab_structure` (id, word_id, sense_id, pattern, structure_order, create_time, update_time) VALUES (203, 2, 2, '<key>安装</key>+得+很/不+快/好/顺利', 0, NOW(), NOW());
INSERT INTO `vocab_example` (id, word_id, sense_id, structure_id, sentence, audio_id, pinyin, translations, example_order, create_time, update_time) VALUES (203, 2, 2, 203, '他们<key>安装</key>得很快，半天就弄好了。', NULL, NULL, NULL, 0, NOW(), NOW());
INSERT INTO `vocab_word` (id, word, word_traditional, pinyin, audio_id, hsk_level, create_time, update_time) VALUES (47, '岸', NULL, 'àn', NULL, NULL, NOW(), NOW());
INSERT INTO `vocab_sense` (id, word_id, part_of_speech, chinese_def, def_audio_id, translations, synonyms, antonyms, related_forward, related_backward, sense_order, create_time, update_time) VALUES (52, 47, 'n.', '江、河、湖、海等边上的陆地部分。', NULL, '[{"lang": "en", "text": "bank or shore (of a lake or sea); coast"}]', NULL, NULL, NULL, NULL, 0, NOW(), NOW());
INSERT INTO `vocab_structure` (id, word_id, sense_id, pattern, structure_order, create_time, update_time) VALUES (204, 47, 52, '江/河/湖/海/东/西/南/北+<key>岸</key>', 0, NOW(), NOW());
INSERT INTO `vocab_example` (id, word_id, sense_id, structure_id, sentence, audio_id, pinyin, translations, example_order, create_time, update_time) VALUES (204, 47, 52, 204, '大浪拍打着海<key>岸</key>。', NULL, NULL, NULL, 0, NOW(), NOW());
INSERT INTO `vocab_structure` (id, word_id, sense_id, pattern, structure_order, create_time, update_time) VALUES (205, 2, 2, 'V（上/靠/离）+<key>岸</key>', 0, NOW(), NOW());
INSERT INTO `vocab_example` (id, word_id, sense_id, structure_id, sentence, audio_id, pinyin, translations, example_order, create_time, update_time) VALUES (205, 2, 2, 205, '他们在河里游完泳以后就上<key>岸</key>了。', NULL, NULL, NULL, 0, NOW(), NOW());
INSERT INTO `vocab_structure` (id, word_id, sense_id, pattern, structure_order, create_time, update_time) VALUES (206, 2, 2, '<key>岸</key>+边/上', 0, NOW(), NOW());
INSERT INTO `vocab_example` (id, word_id, sense_id, structure_id, sentence, audio_id, pinyin, translations, example_order, create_time, update_time) VALUES (206, 2, 2, 206, '<key>岸</key>边停着几条船。', NULL, NULL, NULL, 0, NOW(), NOW());
INSERT INTO `vocab_word` (id, word, word_traditional, pinyin, audio_id, hsk_level, create_time, update_time) VALUES (48, '按', NULL, 'àn', NULL, NULL, NOW(), NOW());
INSERT INTO `vocab_sense` (id, word_id, part_of_speech, chinese_def, def_audio_id, translations, synonyms, antonyms, related_forward, related_backward, sense_order, create_time, update_time) VALUES (53, 48, 'prep.', '按照；把日期、制度、想法等作为做一件事情的要求、依据、标准。', NULL, '[{"lang": "en", "text": "according to; in accordance with; on the basis of"}]', NULL, NULL, '按部就班|按理|按期|按时|按说|按图索骥|按照', NULL, 0, NOW(), NOW());
INSERT INTO `vocab_structure` (id, word_id, sense_id, pattern, structure_order, create_time, update_time) VALUES (207, 48, 53, '<key>按</key>+O（日期/法律/制度/年龄/计划/标准/sb的想法）+V', 0, NOW(), NOW());
INSERT INTO `vocab_example` (id, word_id, sense_id, structure_id, sentence, audio_id, pinyin, translations, example_order, create_time, update_time) VALUES (207, 48, 53, 207, '<key>按</key>年龄可以把人大致分成婴幼儿、少年、青年、中年人和老年人。', NULL, NULL, NULL, 0, NOW(), NOW());
INSERT INTO `vocab_structure` (id, word_id, sense_id, pattern, structure_order, create_time, update_time) VALUES (208, 2, 2, '<key>按</key>+O[可以作为看法依据的事物]（道理/条件/法律/规律）+（来+）说/讲/看', 0, NOW(), NOW());
INSERT INTO `vocab_example` (id, word_id, sense_id, structure_id, sentence, audio_id, pinyin, translations, example_order, create_time, update_time) VALUES (208, 2, 2, 208, '<key>按</key>道理说，冬天不应该这么热。', NULL, NULL, NULL, 0, NOW(), NOW());
INSERT INTO `vocab_structure` (id, word_id, sense_id, pattern, structure_order, create_time, update_time) VALUES (209, 2, 3, '<key>按</key>+O（门铃/<key>按</key>钮/号码/开关）', 0, NOW(), NOW());
INSERT INTO `vocab_example` (id, word_id, sense_id, structure_id, sentence, audio_id, pinyin, translations, example_order, create_time, update_time) VALUES (209, 2, 3, 209, '这个洗衣机操作起来很简单，先把衣服放进去，再<key>按</key>一下这个开关就可以了。', NULL, NULL, NULL, 0, NOW(), NOW());
INSERT INTO `vocab_structure` (id, word_id, sense_id, pattern, structure_order, create_time, update_time) VALUES (210, 2, 2, '<key>按</key>+住/好/Num[几]下', 0, NOW(), NOW());
INSERT INTO `vocab_example` (id, word_id, sense_id, structure_id, sentence, audio_id, pinyin, translations, example_order, create_time, update_time) VALUES (210, 2, 2, 210, '她有心口疼的毛病，犯病时总是用手<key>按</key>住胸口，这样会感觉舒服一些。', NULL, NULL, NULL, 0, NOW(), NOW());
INSERT INTO `vocab_structure` (id, word_id, sense_id, pattern, structure_order, create_time, update_time) VALUES (211, 2, 2, '<key>按</key>+得/不+住/动/响', 0, NOW(), NOW());
INSERT INTO `vocab_example` (id, word_id, sense_id, structure_id, sentence, audio_id, pinyin, translations, example_order, create_time, update_time) VALUES (211, 2, 2, 211, '门铃坏了，<key>按</key>不响了。', NULL, NULL, NULL, 0, NOW(), NOW());
INSERT INTO `vocab_structure` (id, word_id, sense_id, pattern, structure_order, create_time, update_time) VALUES (212, 2, 2, '<key>按</key>（一）<key>按</key>', 0, NOW(), NOW());
INSERT INTO `vocab_example` (id, word_id, sense_id, structure_id, sentence, audio_id, pinyin, translations, example_order, create_time, update_time) VALUES (212, 2, 2, 212, '我的肩膀好疼，你快帮我<key>按</key><key>按</key>。', NULL, NULL, NULL, 0, NOW(), NOW());
INSERT INTO `vocab_word` (id, word, word_traditional, pinyin, audio_id, hsk_level, create_time, update_time) VALUES (49, '按部就班', NULL, 'ànbù-jiùbān', NULL, NULL, NOW(), NOW());
INSERT INTO `vocab_sense` (id, word_id, part_of_speech, chinese_def, def_audio_id, translations, synonyms, antonyms, related_forward, related_backward, sense_order, create_time, update_time) VALUES (54, 49, 'idiom', '按照一定的顺序、程序或者条理进行。', NULL, '[{"lang": "en", "text": "follow the prescribed order; keep to conventional ways of doing things"}]', NULL, NULL, NULL, NULL, 0, NOW(), NOW());
INSERT INTO `vocab_structure` (id, word_id, sense_id, pattern, structure_order, create_time, update_time) VALUES (213, 49, 54, '<key>按部就班</key>+地+V（推进/进行/工作/生活/学习/准备）', 0, NOW(), NOW());
INSERT INTO `vocab_example` (id, word_id, sense_id, structure_id, sentence, audio_id, pinyin, translations, example_order, create_time, update_time) VALUES (213, 49, 54, 213, '大会筹备工作正在<key>按部就班</key>地向前推进。', NULL, NULL, NULL, 0, NOW(), NOW());
INSERT INTO `vocab_structure` (id, word_id, sense_id, pattern, structure_order, create_time, update_time) VALUES (214, 2, 2, '应该/最好/必须/不必/不要/何必+<key>按部就班</key>', 0, NOW(), NOW());
INSERT INTO `vocab_example` (id, word_id, sense_id, structure_id, sentence, audio_id, pinyin, translations, example_order, create_time, update_time) VALUES (214, 2, 2, 214, '工作就应该<key>按部就班</key>，这样效率才会高。', NULL, NULL, NULL, 0, NOW(), NOW());
INSERT INTO `vocab_word` (id, word, word_traditional, pinyin, audio_id, hsk_level, create_time, update_time) VALUES (50, '按劳分配', NULL, 'ànláo-fēnpèi', NULL, NULL, NOW(), NOW());
INSERT INTO `vocab_sense` (id, word_id, part_of_speech, chinese_def, def_audio_id, translations, synonyms, antonyms, related_forward, related_backward, sense_order, create_time, update_time) VALUES (55, 50, 'chunk', '根据每个人劳动的数量和质量分配生活需要的东西，是社会主义分配原则。', NULL, '[{"lang": "en", "text": "distribution according to one\'s performance"}]', NULL, NULL, NULL, NULL, 0, NOW(), NOW());
INSERT INTO `vocab_structure` (id, word_id, sense_id, pattern, structure_order, create_time, update_time) VALUES (215, 50, 55, '<key>按劳分配</key>+V（是/可以）；Sentence，<key>按劳分配</key>', 0, NOW(), NOW());
INSERT INTO `vocab_example` (id, word_id, sense_id, structure_id, sentence, audio_id, pinyin, translations, example_order, create_time, update_time) VALUES (215, 50, 55, 215, '<key>按劳分配</key>是社会主义的一个重要原则。', NULL, NULL, NULL, 0, NOW(), NOW());
INSERT INTO `vocab_structure` (id, word_id, sense_id, pattern, structure_order, create_time, update_time) VALUES (216, 2, 2, '<key>按劳分配</key>+的+原则', 0, NOW(), NOW());
INSERT INTO `vocab_example` (id, word_id, sense_id, structure_id, sentence, audio_id, pinyin, translations, example_order, create_time, update_time) VALUES (216, 2, 2, 216, '现代社会一般都采用<key>按劳分配</key>的原则。', NULL, NULL, NULL, 0, NOW(), NOW());
INSERT INTO `vocab_word` (id, word, word_traditional, pinyin, audio_id, hsk_level, create_time, update_time) VALUES (51, '按摩', NULL, 'ànmó', NULL, NULL, NOW(), NOW());
INSERT INTO `vocab_sense` (id, word_id, part_of_speech, chinese_def, def_audio_id, translations, synonyms, antonyms, related_forward, related_backward, sense_order, create_time, update_time) VALUES (56, 51, 'v.', '一种治疗或者保持健康的方法，用手在人身体特定部位进行按、压、推等动作，使身体得到放松。', NULL, '[{"lang": "en", "text": "to massage"}]', NULL, NULL, NULL, NULL, 0, NOW(), NOW());
INSERT INTO `vocab_structure` (id, word_id, sense_id, pattern, structure_order, create_time, update_time) VALUES (217, 51, 56, '给/为/帮+Sb+<key>按摩</key>', 0, NOW(), NOW());
INSERT INTO `vocab_example` (id, word_id, sense_id, structure_id, sentence, audio_id, pinyin, translations, example_order, create_time, update_time) VALUES (217, 51, 56, 217, '医生正在为我妈妈<key>按摩</key>，治疗她腿疼的毛病。', NULL, NULL, NULL, 0, NOW(), NOW());
INSERT INTO `vocab_structure` (id, word_id, sense_id, pattern, structure_order, create_time, update_time) VALUES (218, 2, 2, '<key>按摩</key>+中心/师/大夫/手法/疗效/过程/精油', 0, NOW(), NOW());
INSERT INTO `vocab_example` (id, word_id, sense_id, structure_id, sentence, audio_id, pinyin, translations, example_order, create_time, update_time) VALUES (218, 2, 2, 218, '我家附近有家<key>按摩</key>中心，去做<key>按摩</key>治疗很方便。', NULL, NULL, NULL, 0, NOW(), NOW());
INSERT INTO `vocab_structure` (id, word_id, sense_id, pattern, structure_order, create_time, update_time) VALUES (219, 2, 2, '保健/精油/头部/足底/中医/盲人+<key>按摩</key>', 0, NOW(), NOW());
INSERT INTO `vocab_example` (id, word_id, sense_id, structure_id, sentence, audio_id, pinyin, translations, example_order, create_time, update_time) VALUES (219, 2, 2, 219, '他介绍说这就是一种保健<key>按摩</key>，不能真的治病。', NULL, NULL, NULL, 0, NOW(), NOW());
INSERT INTO `vocab_structure` (id, word_id, sense_id, pattern, structure_order, create_time, update_time) VALUES (220, 2, 2, '<key>按摩</key>+得+很/非常/不+好', 0, NOW(), NOW());
INSERT INTO `vocab_example` (id, word_id, sense_id, structure_id, sentence, audio_id, pinyin, translations, example_order, create_time, update_time) VALUES (220, 2, 2, 220, '这位按摩大夫<key>按摩</key>得非常好，我每个月都去一次。', NULL, NULL, NULL, 0, NOW(), NOW());
INSERT INTO `vocab_structure` (id, word_id, sense_id, pattern, structure_order, create_time, update_time) VALUES (221, 2, 2, '<key>按摩</key>+完/好/Time[多长时间]/一下', 0, NOW(), NOW());
INSERT INTO `vocab_example` (id, word_id, sense_id, structure_id, sentence, audio_id, pinyin, translations, example_order, create_time, update_time) VALUES (221, 2, 2, 221, '<key>按摩</key>完以后我感觉身体特别轻松。', NULL, NULL, NULL, 0, NOW(), NOW());
INSERT INTO `vocab_structure` (id, word_id, sense_id, pattern, structure_order, create_time, update_time) VALUES (222, 2, 2, '<key>按摩</key><key>按摩</key>', 0, NOW(), NOW());
INSERT INTO `vocab_example` (id, word_id, sense_id, structure_id, sentence, audio_id, pinyin, translations, example_order, create_time, update_time) VALUES (222, 2, 2, 222, '我脖子疼，你给我<key>按摩</key><key>按摩</key>吧。', NULL, NULL, NULL, 0, NOW(), NOW());
INSERT INTO `vocab_word` (id, word, word_traditional, pinyin, audio_id, hsk_level, create_time, update_time) VALUES (52, '按期', NULL, 'ànqī', NULL, NULL, NOW(), NOW());
INSERT INTO `vocab_sense` (id, word_id, part_of_speech, chinese_def, def_audio_id, translations, synonyms, antonyms, related_forward, related_backward, sense_order, create_time, update_time) VALUES (57, 52, 'adv.', '在规定的最后日期到来以前（完成、做好）。', NULL, '[{"lang": "en", "text": "on schedule; on time"}]', NULL, NULL, NULL, NULL, 0, NOW(), NOW());
INSERT INTO `vocab_structure` (id, word_id, sense_id, pattern, structure_order, create_time, update_time) VALUES (223, 52, 57, '<key>按期</key>+V（完成/开工/投产/交货/交付/归还/到达/返校）', 0, NOW(), NOW());
INSERT INTO `vocab_example` (id, word_id, sense_id, structure_id, sentence, audio_id, pinyin, translations, example_order, create_time, update_time) VALUES (223, 52, 57, 223, '老板放心，这个工程我们一定<key>按期</key>完成。', NULL, NULL, NULL, 0, NOW(), NOW());
INSERT INTO `vocab_word` (id, word, word_traditional, pinyin, audio_id, hsk_level, create_time, update_time) VALUES (53, '按时', NULL, 'ànshí', NULL, NULL, NOW(), NOW());
INSERT INTO `vocab_sense` (id, word_id, part_of_speech, chinese_def, def_audio_id, translations, synonyms, antonyms, related_forward, related_backward, sense_order, create_time, update_time) VALUES (58, 53, 'adv.', '按照规定的时间。', NULL, '[{"lang": "en", "text": "on time; on schedule"}]', NULL, NULL, NULL, NULL, 0, NOW(), NOW());
INSERT INTO `vocab_structure` (id, word_id, sense_id, pattern, structure_order, create_time, update_time) VALUES (224, 53, 58, '<key>按时</key>+V', 0, NOW(), NOW());
INSERT INTO `vocab_example` (id, word_id, sense_id, structure_id, sentence, audio_id, pinyin, translations, example_order, create_time, update_time) VALUES (224, 53, 58, 224, '医生告诉他，早上8点、中午12点、晚上6点，一天三次<key>按时</key>吃药。', NULL, NULL, NULL, 0, NOW(), NOW());
INSERT INTO `vocab_word` (id, word, word_traditional, pinyin, audio_id, hsk_level, create_time, update_time) VALUES (54, '按说', NULL, 'ànshuō', NULL, NULL, NOW(), NOW());
INSERT INTO `vocab_sense` (id, word_id, part_of_speech, chinese_def, def_audio_id, translations, synonyms, antonyms, related_forward, related_backward, sense_order, create_time, update_time) VALUES (59, 54, 'adv.', '按照一般的情况应该这样，但实际情况怎么样，说话人并没有把握。', NULL, '[{"lang": "en", "text": "normally; ordinarily (usu. used at the beginning of a sentence and can be followed by a pause)"}]', NULL, NULL, NULL, NULL, 0, NOW(), NOW());
INSERT INTO `vocab_structure` (id, word_id, sense_id, pattern, structure_order, create_time, update_time) VALUES (225, 54, 59, '<key>按说</key>+sentence', 0, NOW(), NOW());
INSERT INTO `vocab_example` (id, word_id, sense_id, structure_id, sentence, audio_id, pinyin, translations, example_order, create_time, update_time) VALUES (225, 54, 59, 225, 'A：你觉得今天会考试吗？<br/>B：才开学一周，<key>按说</key>不会考试。', NULL, NULL, NULL, 0, NOW(), NOW());
INSERT INTO `vocab_structure` (id, word_id, sense_id, pattern, structure_order, create_time, update_time) VALUES (226, 2, 3, '<key>按说</key>+（不+）应该/能+V', 0, NOW(), NOW());
INSERT INTO `vocab_example` (id, word_id, sense_id, structure_id, sentence, audio_id, pinyin, translations, example_order, create_time, update_time) VALUES (226, 2, 3, 226, '已经三月份了，<key>按说</key>应该暖和起来了，怎么又下雪了？', NULL, NULL, NULL, 0, NOW(), NOW());
INSERT INTO `vocab_word` (id, word, word_traditional, pinyin, audio_id, hsk_level, create_time, update_time) VALUES (55, '按照', NULL, 'ànzhào', NULL, NULL, NOW(), NOW());
INSERT INTO `vocab_sense` (id, word_id, part_of_speech, chinese_def, def_audio_id, translations, synonyms, antonyms, related_forward, related_backward, sense_order, create_time, update_time) VALUES (60, 55, 'prep.', '引出做某件事情的依据或者判断标准。', NULL, '[{"lang": "en", "text": "in accordance with; in the light of"}]', NULL, NULL, NULL, NULL, 0, NOW(), NOW());
INSERT INTO `vocab_structure` (id, word_id, sense_id, pattern, structure_order, create_time, update_time) VALUES (227, 55, 60, '<key>按照</key>+O[双音节]（规定/法律）+V', 0, NOW(), NOW());
INSERT INTO `vocab_example` (id, word_id, sense_id, structure_id, sentence, audio_id, pinyin, translations, example_order, create_time, update_time) VALUES (227, 55, 60, 227, '公司要求我们<key>按照</key>规定办事。', NULL, NULL, NULL, 0, NOW(), NOW());
INSERT INTO `vocab_structure` (id, word_id, sense_id, pattern, structure_order, create_time, update_time) VALUES (228, 2, 2, '<key>按照</key>+O[双音节]，Sentence', 0, NOW(), NOW());
INSERT INTO `vocab_example` (id, word_id, sense_id, structure_id, sentence, audio_id, pinyin, translations, example_order, create_time, update_time) VALUES (228, 2, 2, 228, '<key>按照</key>要求，你还差得远。', NULL, NULL, NULL, 0, NOW(), NOW());
INSERT INTO `vocab_word` (id, word, word_traditional, pinyin, audio_id, hsk_level, create_time, update_time) VALUES (56, '案件', NULL, 'ànjiàn', NULL, NULL, NOW(), NOW());
INSERT INTO `vocab_sense` (id, word_id, part_of_speech, chinese_def, def_audio_id, translations, synonyms, antonyms, related_forward, related_backward, sense_order, create_time, update_time) VALUES (61, 56, 'n.', '有关犯罪和违法的事件。', NULL, '[{"lang": "en", "text": "legal case; case"}]', NULL, NULL, NULL, NULL, 0, NOW(), NOW());
INSERT INTO `vocab_structure` (id, word_id, sense_id, pattern, structure_order, create_time, update_time) VALUES (229, 56, 61, '这/Num[几]+起/类/个+<key>案件</key>', 0, NOW(), NOW());
INSERT INTO `vocab_example` (id, word_id, sense_id, structure_id, sentence, audio_id, pinyin, translations, example_order, create_time, update_time) VALUES (229, 56, 61, 229, '这起<key>案件</key>很复杂，需要进一步调查。', NULL, NULL, NULL, 0, NOW(), NOW());
INSERT INTO `vocab_structure` (id, word_id, sense_id, pattern, structure_order, create_time, update_time) VALUES (230, 2, 2, 'V（调查/处理/侦查/侦办/侦破/审理）+<key>案件</key>', 0, NOW(), NOW());
INSERT INTO `vocab_example` (id, word_id, sense_id, structure_id, sentence, audio_id, pinyin, translations, example_order, create_time, update_time) VALUES (230, 2, 2, 230, '侦办<key>案件</key>的几位警察正在向警长汇报侦查情况。', NULL, NULL, NULL, 0, NOW(), NOW());
INSERT INTO `vocab_structure` (id, word_id, sense_id, pattern, structure_order, create_time, update_time) VALUES (231, 2, 2, '<key>案件</key>+的+V（发生/侦破/调查/处理/进展/发展/定性）', 0, NOW(), NOW());
INSERT INTO `vocab_example` (id, word_id, sense_id, structure_id, sentence, audio_id, pinyin, translations, example_order, create_time, update_time) VALUES (231, 2, 2, 231, '这一系列杀人<key>案件</key>的发生造成了社会的恐慌。', NULL, NULL, NULL, 0, NOW(), NOW());
INSERT INTO `vocab_structure` (id, word_id, sense_id, pattern, structure_order, create_time, update_time) VALUES (232, 2, 2, '<key>案件</key>（+的）+N（当事人/主犯/性质/线索/情况/特点/细节/关键）', 0, NOW(), NOW());
INSERT INTO `vocab_example` (id, word_id, sense_id, structure_id, sentence, audio_id, pinyin, translations, example_order, create_time, update_time) VALUES (232, 2, 2, 232, '这起<key>案件</key>的当事人是我的一个同事。', NULL, NULL, NULL, 0, NOW(), NOW());
INSERT INTO `vocab_structure` (id, word_id, sense_id, pattern, structure_order, create_time, update_time) VALUES (233, 2, 2, '<key>案件</key>+很/不+复杂/简单/棘手/难办', 0, NOW(), NOW());
INSERT INTO `vocab_example` (id, word_id, sense_id, structure_id, sentence, audio_id, pinyin, translations, example_order, create_time, update_time) VALUES (233, 2, 2, 233, '你这个<key>案件</key>很复杂，可能需要再提交一些材料。', NULL, NULL, NULL, 0, NOW(), NOW());
INSERT INTO `vocab_structure` (id, word_id, sense_id, pattern, structure_order, create_time, update_time) VALUES (234, 2, 2, 'Modifier（刑事/民事/经济/系列/同类/治安/贩毒/离婚/受贿/恶性/重大）+<key>案件</key>', 0, NOW(), NOW());
INSERT INTO `vocab_example` (id, word_id, sense_id, structure_id, sentence, audio_id, pinyin, translations, example_order, create_time, update_time) VALUES (234, 2, 2, 234, '这个法院专门审理恶性刑事<key>案件</key>。', NULL, NULL, NULL, 0, NOW(), NOW());
INSERT INTO `vocab_word` (id, word, word_traditional, pinyin, audio_id, hsk_level, create_time, update_time) VALUES (57, '案例', NULL, 'ànlì', NULL, NULL, NOW(), NOW());
INSERT INTO `vocab_sense` (id, word_id, part_of_speech, chinese_def, def_audio_id, translations, synonyms, antonyms, related_forward, related_backward, sense_order, create_time, update_time) VALUES (62, 57, 'n.', '某种典型的犯罪事件的例子；指医疗、教学、管理等方面的典型 例子。', NULL, '[{"lang": "en", "text": "case"}]', NULL, NULL, NULL, NULL, 0, NOW(), NOW());
INSERT INTO `vocab_structure` (id, word_id, sense_id, pattern, structure_order, create_time, update_time) VALUES (235, 57, 62, '这/Num[几]+个+<key>案例</key>', 0, NOW(), NOW());
INSERT INTO `vocab_example` (id, word_id, sense_id, structure_id, sentence, audio_id, pinyin, translations, example_order, create_time, update_time) VALUES (235, 57, 62, 235, '这个<key>案例</key>非常典型，每个警校的学员都学过。', NULL, NULL, NULL, 0, NOW(), NOW());
INSERT INTO `vocab_structure` (id, word_id, sense_id, pattern, structure_order, create_time, update_time) VALUES (236, 2, 2, 'Modifier（典型/真实/类似/成功/经典/疑难/临床/教学/经营/管理）（+的）+<key>案例</key>', 0, NOW(), NOW());
INSERT INTO `vocab_example` (id, word_id, sense_id, structure_id, sentence, audio_id, pinyin, translations, example_order, create_time, update_time) VALUES (236, 2, 2, 236, '老师用一个典型<key>案例</key>给大家介绍了法医学的重要性。', NULL, NULL, NULL, 0, NOW(), NOW());
INSERT INTO `vocab_structure` (id, word_id, sense_id, pattern, structure_order, create_time, update_time) VALUES (237, 2, 2, '<key>案例</key>+分析/教学', 0, NOW(), NOW());
INSERT INTO `vocab_example` (id, word_id, sense_id, structure_id, sentence, audio_id, pinyin, translations, example_order, create_time, update_time) VALUES (237, 2, 2, 237, '老师让学员做<key>案例</key>分析，训练大家的分析能力。', NULL, NULL, NULL, 0, NOW(), NOW());
INSERT INTO `vocab_word` (id, word, word_traditional, pinyin, audio_id, hsk_level, create_time, update_time) VALUES (58, '案情', NULL, 'ànqíng', NULL, NULL, NOW(), NOW());
INSERT INTO `vocab_sense` (id, word_id, part_of_speech, chinese_def, def_audio_id, translations, synonyms, antonyms, related_forward, related_backward, sense_order, create_time, update_time) VALUES (63, 58, 'n.', '犯罪事件的具体情况。', NULL, '[{"lang": "en", "text": "details or facts of a case"}]', NULL, NULL, NULL, NULL, 0, NOW(), NOW());
INSERT INTO `vocab_structure` (id, word_id, sense_id, pattern, structure_order, create_time, update_time) VALUES (238, 58, 63, '<key>案情</key>+（很/不+）复杂/重大/严重/简单', 0, NOW(), NOW());
INSERT INTO `vocab_example` (id, word_id, sense_id, structure_id, sentence, audio_id, pinyin, translations, example_order, create_time, update_time) VALUES (238, 58, 63, 238, '这个案件的<key>案情</key>很复杂，需要进一步调查。', NULL, NULL, NULL, 0, NOW(), NOW());
INSERT INTO `vocab_structure` (id, word_id, sense_id, pattern, structure_order, create_time, update_time) VALUES (239, 2, 2, 'V（分析/了解/介绍/汇报/研究/讨论/掌握/询问/交代/公布）+<key>案情</key>', 0, NOW(), NOW());
INSERT INTO `vocab_example` (id, word_id, sense_id, structure_id, sentence, audio_id, pinyin, translations, example_order, create_time, update_time) VALUES (239, 2, 2, 239, '今天的会议主要分析了这个案件的<key>案情</key>。', NULL, NULL, NULL, 0, NOW(), NOW());
INSERT INTO `vocab_structure` (id, word_id, sense_id, pattern, structure_order, create_time, update_time) VALUES (240, 2, 2, '<key>案情</key>（+的）+N/V（报告/真相/材料/档案/分析）', 0, NOW(), NOW());
INSERT INTO `vocab_example` (id, word_id, sense_id, structure_id, sentence, audio_id, pinyin, translations, example_order, create_time, update_time) VALUES (240, 2, 2, 240, '他们把<key>案情</key>报告直接交给了局长。', NULL, NULL, NULL, 0, NOW(), NOW());
INSERT INTO `vocab_word` (id, word, word_traditional, pinyin, audio_id, hsk_level, create_time, update_time) VALUES (59, '案子', NULL, 'àn·zi', NULL, NULL, NOW(), NOW());
INSERT INTO `vocab_sense` (id, word_id, part_of_speech, chinese_def, def_audio_id, translations, synonyms, antonyms, related_forward, related_backward, sense_order, create_time, update_time) VALUES (64, 59, 'n.', '〈非正式〉跟犯罪有关的事件；案件。', NULL, '[{"lang": "en", "text": "legal case"}]', NULL, NULL, NULL, NULL, 0, NOW(), NOW());
INSERT INTO `vocab_structure` (id, word_id, sense_id, pattern, structure_order, create_time, update_time) VALUES (241, 59, 64, '这/Num[几]+起/类/个+<key>案子</key>', 0, NOW(), NOW());
INSERT INTO `vocab_example` (id, word_id, sense_id, structure_id, sentence, audio_id, pinyin, translations, example_order, create_time, update_time) VALUES (241, 59, 64, 241, '我们接的这类<key>案子</key>很多，很有经验。', NULL, NULL, NULL, 0, NOW(), NOW());
INSERT INTO `vocab_structure` (id, word_id, sense_id, pattern, structure_order, create_time, update_time) VALUES (242, 2, 2, 'V（办/查/审/接/犯/经手/接手）（+的）+<key>案子</key>', 0, NOW(), NOW());
INSERT INTO `vocab_example` (id, word_id, sense_id, structure_id, sentence, audio_id, pinyin, translations, example_order, create_time, update_time) VALUES (242, 2, 2, 242, '他这几天正在办一个<key>案子</key>，忙得三天没有回家了。', NULL, NULL, NULL, 0, NOW(), NOW());
INSERT INTO `vocab_structure` (id, word_id, sense_id, pattern, structure_order, create_time, update_time) VALUES (243, 2, 2, '<key>案子</key>+的+N（当事人/原告/被告/情况/细节）', 0, NOW(), NOW());
INSERT INTO `vocab_example` (id, word_id, sense_id, structure_id, sentence, audio_id, pinyin, translations, example_order, create_time, update_time) VALUES (243, 2, 2, 243, '这个<key>案子</key>的当事人要找律师，你们给推荐一个吧。', NULL, NULL, NULL, 0, NOW(), NOW());
INSERT INTO `vocab_structure` (id, word_id, sense_id, pattern, structure_order, create_time, update_time) VALUES (244, 2, 2, '<key>案子</key>+（有点<SMALL>儿</SMALL>/很/不+）复杂/简单/棘手/难办', 0, NOW(), NOW());
INSERT INTO `vocab_example` (id, word_id, sense_id, structure_id, sentence, audio_id, pinyin, translations, example_order, create_time, update_time) VALUES (244, 2, 2, 244, '你这个<key>案子</key>不太复杂，不用找律师。', NULL, NULL, NULL, 0, NOW(), NOW());
INSERT INTO `vocab_structure` (id, word_id, sense_id, pattern, structure_order, create_time, update_time) VALUES (245, 2, 2, 'Modifier（大/小/车祸/手头/Sb）（+的）+<key>案子</key>', 0, NOW(), NOW());
INSERT INTO `vocab_example` (id, word_id, sense_id, structure_id, sentence, audio_id, pinyin, translations, example_order, create_time, update_time) VALUES (245, 2, 2, 245, '听说这是个大<key>案子</key>，死了好几个人呢。', NULL, NULL, NULL, 0, NOW(), NOW());
INSERT INTO `vocab_structure` (id, word_id, sense_id, pattern, structure_order, create_time, update_time) VALUES (246, 2, 3, 'Num[几]+种/张/个+<key>案子</key>', 0, NOW(), NOW());
INSERT INTO `vocab_example` (id, word_id, sense_id, structure_id, sentence, audio_id, pinyin, translations, example_order, create_time, update_time) VALUES (246, 2, 3, 246, '这几张长条<key>案子</key>是我们新做的工作台。', NULL, NULL, NULL, 0, NOW(), NOW());
INSERT INTO `vocab_structure` (id, word_id, sense_id, pattern, structure_order, create_time, update_time) VALUES (247, 2, 2, 'Modifier（肉/菜/裁缝/台球/乒乓球/大/小/长条/木头/中式）+<key>案子</key>', 0, NOW(), NOW());
INSERT INTO `vocab_example` (id, word_id, sense_id, structure_id, sentence, audio_id, pinyin, translations, example_order, create_time, update_time) VALUES (247, 2, 2, 247, '师傅正在肉<key>案子</key>上帮顾客切肉。', NULL, NULL, NULL, 0, NOW(), NOW());
INSERT INTO `vocab_word` (id, word, word_traditional, pinyin, audio_id, hsk_level, create_time, update_time) VALUES (60, '暗', NULL, 'àn', NULL, NULL, NOW(), NOW());
INSERT INTO `vocab_sense` (id, word_id, part_of_speech, chinese_def, def_audio_id, translations, synonyms, antonyms, related_forward, related_backward, sense_order, create_time, update_time) VALUES (65, 60, 'adj.', '光线不够；很黑的。', NULL, '[{"lang": "en", "text": "dark; dim"}]', NULL, '明；亮', '暗处|暗淡|暗房|暗室|暗无天日', '黑暗|灰暗|昏暗|若明若暗|天昏地暗|阴暗', 0, NOW(), NOW());
INSERT INTO `vocab_structure` (id, word_id, sense_id, pattern, structure_order, create_time, update_time) VALUES (248, 60, 65, 'Sub（房间/光线/灯光/天色/背景）+很+<key>暗</key>', 0, NOW(), NOW());
INSERT INTO `vocab_example` (id, word_id, sense_id, structure_id, sentence, audio_id, pinyin, translations, example_order, create_time, update_time) VALUES (248, 60, 65, 248, '房间里很<key>暗</key>，什么也看不清楚。', NULL, NULL, NULL, 0, NOW(), NOW());
INSERT INTO `vocab_structure` (id, word_id, sense_id, pattern, structure_order, create_time, update_time) VALUES (249, 2, 2, '<key>暗</key>+下来/下去', 0, NOW(), NOW());
INSERT INTO `vocab_example` (id, word_id, sense_id, structure_id, sentence, audio_id, pinyin, translations, example_order, create_time, update_time) VALUES (249, 2, 2, 249, '天渐渐<key>暗</key>下来，快要下雪了。', NULL, NULL, NULL, 0, NOW(), NOW());
INSERT INTO `vocab_structure` (id, word_id, sense_id, pattern, structure_order, create_time, update_time) VALUES (250, 2, 3, '<key>暗</key>+Adj[表示颜色的词语]（红/黄/绿）', 0, NOW(), NOW());
INSERT INTO `vocab_example` (id, word_id, sense_id, structure_id, sentence, audio_id, pinyin, translations, example_order, create_time, update_time) VALUES (250, 2, 3, 250, '这辆车是<key>暗</key>红色的。', NULL, NULL, NULL, 0, NOW(), NOW());
INSERT INTO `vocab_structure` (id, word_id, sense_id, pattern, structure_order, create_time, update_time) VALUES (251, 2, 2, '颜色+很+<key>暗</key>', 0, NOW(), NOW());
INSERT INTO `vocab_example` (id, word_id, sense_id, structure_id, sentence, audio_id, pinyin, translations, example_order, create_time, update_time) VALUES (251, 2, 2, 251, '我觉得左边这条裙子的颜色太<key>暗</key>了。', NULL, NULL, NULL, 0, NOW(), NOW());
INSERT INTO `vocab_word` (id, word, word_traditional, pinyin, audio_id, hsk_level, create_time, update_time) VALUES (61, '暗暗', NULL, 'àn\'àn', NULL, NULL, NOW(), NOW());
INSERT INTO `vocab_sense` (id, word_id, part_of_speech, chinese_def, def_audio_id, translations, synonyms, antonyms, related_forward, related_backward, sense_order, create_time, update_time) VALUES (66, 61, 'adv.', '表示动作行为在心里或者不公开的场合进行，不表现出来。', NULL, '[{"lang": "en", "text": "inwardly; secretly (often used before a verb as an internal action or mental activity that occurs without the knowledge of others)"}]', NULL, NULL, NULL, NULL, 0, NOW(), NOW());
INSERT INTO `vocab_structure` (id, word_id, sense_id, pattern, structure_order, create_time, update_time) VALUES (252, 61, 66, '<key>暗暗</key>（+地）+V', 0, NOW(), NOW());
INSERT INTO `vocab_example` (id, word_id, sense_id, structure_id, sentence, audio_id, pinyin, translations, example_order, create_time, update_time) VALUES (252, 61, 66, 252, '他<key>暗暗</key>喜欢那个漂亮的女孩<SMALL>儿</SMALL>。', NULL, NULL, NULL, 0, NOW(), NOW());
INSERT INTO `vocab_word` (id, word, word_traditional, pinyin, audio_id, hsk_level, create_time, update_time) VALUES (62, '暗淡', NULL, 'àndàn', NULL, NULL, NOW(), NOW());
INSERT INTO `vocab_sense` (id, word_id, part_of_speech, chinese_def, def_audio_id, translations, synonyms, antonyms, related_forward, related_backward, sense_order, create_time, update_time) VALUES (67, 62, 'adj.', '形容光线不够亮，比较暗；形容人的脸色不好看，不高兴。', NULL, '[{"lang": "en", "text": "dim; faint; gloomy"}]', NULL, NULL, NULL, NULL, 0, NOW(), NOW());
INSERT INTO `vocab_structure` (id, word_id, sense_id, pattern, structure_order, create_time, update_time) VALUES (253, 62, 67, '<key>暗淡</key>+的+N（灯光/烛光/光线/天色/脸色/神情）', 0, NOW(), NOW());
INSERT INTO `vocab_example` (id, word_id, sense_id, structure_id, sentence, audio_id, pinyin, translations, example_order, create_time, update_time) VALUES (253, 62, 67, 253, '看见妈妈在<key>暗淡</key>的灯光下给他补衣服，他觉得很感动。', NULL, NULL, NULL, 0, NOW(), NOW());
INSERT INTO `vocab_structure` (id, word_id, sense_id, pattern, structure_order, create_time, update_time) VALUES (254, 2, 2, 'Sub（灯光/烛光/光线/天色/脸色/神情）+（很+）<key>暗淡</key>', 0, NOW(), NOW());
INSERT INTO `vocab_example` (id, word_id, sense_id, structure_id, sentence, audio_id, pinyin, translations, example_order, create_time, update_time) VALUES (254, 2, 2, 254, '房间里灯光<key>暗淡</key>，几个人正在低声聊天<SMALL>儿</SMALL>。', NULL, NULL, NULL, 0, NOW(), NOW());
INSERT INTO `vocab_structure` (id, word_id, sense_id, pattern, structure_order, create_time, update_time) VALUES (255, 2, 2, '<key>暗淡</key>+下去/下来', 0, NOW(), NOW());
INSERT INTO `vocab_example` (id, word_id, sense_id, structure_id, sentence, audio_id, pinyin, translations, example_order, create_time, update_time) VALUES (255, 2, 2, 255, '天色慢慢<key>暗淡</key>了下去，要下雨了。', NULL, NULL, NULL, 0, NOW(), NOW());
INSERT INTO `vocab_structure` (id, word_id, sense_id, pattern, structure_order, create_time, update_time) VALUES (256, 2, 2, '<key>暗淡</key>+无光', 0, NOW(), NOW());
INSERT INTO `vocab_example` (id, word_id, sense_id, structure_id, sentence, audio_id, pinyin, translations, example_order, create_time, update_time) VALUES (256, 2, 2, 256, '他脸上<key>暗淡</key>无光，好像对一切都失去了希望。', NULL, NULL, NULL, 0, NOW(), NOW());
INSERT INTO `vocab_structure` (id, word_id, sense_id, pattern, structure_order, create_time, update_time) VALUES (257, 2, 3, '<key>暗淡</key>+的+N（颜色/色调）', 0, NOW(), NOW());
INSERT INTO `vocab_example` (id, word_id, sense_id, structure_id, sentence, audio_id, pinyin, translations, example_order, create_time, update_time) VALUES (257, 2, 3, 257, '衬衫<key>暗淡</key>的颜色显得他脸色不太好。', NULL, NULL, NULL, 0, NOW(), NOW());
INSERT INTO `vocab_structure` (id, word_id, sense_id, pattern, structure_order, create_time, update_time) VALUES (258, 2, 2, 'Sub（颜色/色调）+（很/太+）<key>暗淡</key>', 0, NOW(), NOW());
INSERT INTO `vocab_example` (id, word_id, sense_id, structure_id, sentence, audio_id, pinyin, translations, example_order, create_time, update_time) VALUES (258, 2, 2, 258, '我觉得这条裙子的颜色太<key>暗淡</key>了，不适合你。', NULL, NULL, NULL, 0, NOW(), NOW());
INSERT INTO `vocab_structure` (id, word_id, sense_id, pattern, structure_order, create_time, update_time) VALUES (259, 2, 10, '<key>暗淡</key>+的+N（前景/前途/景象/形势）', 0, NOW(), NOW());
INSERT INTO `vocab_example` (id, word_id, sense_id, structure_id, sentence, audio_id, pinyin, translations, example_order, create_time, update_time) VALUES (259, 2, 10, 259, '这个专业<key>暗淡</key>的就业前景让毕业生感到很绝望。', NULL, NULL, NULL, 0, NOW(), NOW());
INSERT INTO `vocab_structure` (id, word_id, sense_id, pattern, structure_order, create_time, update_time) VALUES (260, 2, 2, 'Sub（前景/前途/景象/形势）+（很+）<key>暗淡</key>', 0, NOW(), NOW());
INSERT INTO `vocab_example` (id, word_id, sense_id, structure_id, sentence, audio_id, pinyin, translations, example_order, create_time, update_time) VALUES (260, 2, 2, 260, '她觉得自己学历低，也没有什么手艺，前途很<key>暗淡</key>。', NULL, NULL, NULL, 0, NOW(), NOW());
INSERT INTO `vocab_word` (id, word, word_traditional, pinyin, audio_id, hsk_level, create_time, update_time) VALUES (63, '暗杀', NULL, 'ànshā', NULL, NULL, NOW(), NOW());
INSERT INTO `vocab_sense` (id, word_id, part_of_speech, chinese_def, def_audio_id, translations, synonyms, antonyms, related_forward, related_backward, sense_order, create_time, update_time) VALUES (68, 63, 'v.', '为了达到政治、宗教、经济等目的，秘密杀害某人。', NULL, '[{"lang": "en", "text": "to assassinate"}]', NULL, NULL, NULL, NULL, 0, NOW(), NOW());
INSERT INTO `vocab_structure` (id, word_id, sense_id, pattern, structure_order, create_time, update_time) VALUES (261, 63, 68, '<key>暗杀</key>+O（总统/政要）', 0, NOW(), NOW());
INSERT INTO `vocab_example` (id, word_id, sense_id, structure_id, sentence, audio_id, pinyin, translations, example_order, create_time, update_time) VALUES (261, 63, 68, 261, '敌人想通过<key>暗杀</key>政要制造混乱的阴谋是不会得逞的。', NULL, NULL, NULL, 0, NOW(), NOW());
INSERT INTO `vocab_structure` (id, word_id, sense_id, pattern, structure_order, create_time, update_time) VALUES (262, 2, 2, 'V（策划/准备/遭到）+<key>暗杀</key>', 0, NOW(), NOW());
INSERT INTO `vocab_example` (id, word_id, sense_id, structure_id, sentence, audio_id, pinyin, translations, example_order, create_time, update_time) VALUES (262, 2, 2, 262, '几个策划<key>暗杀</key>的人被警方逮捕了。', NULL, NULL, NULL, 0, NOW(), NOW());
INSERT INTO `vocab_structure` (id, word_id, sense_id, pattern, structure_order, create_time, update_time) VALUES (263, 2, 2, '<key>暗杀</key>+未遂/成功', 0, NOW(), NOW());
INSERT INTO `vocab_example` (id, word_id, sense_id, structure_id, sentence, audio_id, pinyin, translations, example_order, create_time, update_time) VALUES (263, 2, 2, 263, '这部电影里，杀手被警察提前抓住了，<key>暗杀</key>未遂。', NULL, NULL, NULL, 0, NOW(), NOW());
INSERT INTO `vocab_structure` (id, word_id, sense_id, pattern, structure_order, create_time, update_time) VALUES (264, 2, 2, '<key>暗杀</key>+者/小组/名单/对象/任务/行动/命令', 0, NOW(), NOW());
INSERT INTO `vocab_example` (id, word_id, sense_id, structure_id, sentence, audio_id, pinyin, translations, example_order, create_time, update_time) VALUES (264, 2, 2, 264, '小说里的主角良心不安，取消了<key>暗杀</key>行动。', NULL, NULL, NULL, 0, NOW(), NOW());
INSERT INTO `vocab_word` (id, word, word_traditional, pinyin, audio_id, hsk_level, create_time, update_time) VALUES (64, '暗中', NULL, 'ànzhōng', NULL, NULL, NOW(), NOW());
INSERT INTO `vocab_sense` (id, word_id, part_of_speech, chinese_def, def_audio_id, translations, synonyms, antonyms, related_forward, related_backward, sense_order, create_time, update_time) VALUES (69, 64, 'adv.', '在别人不知道的情况下（做某件事情）。', NULL, '[{"lang": "en", "text": "in secret; on the sly; surreptitiously"}]', NULL, NULL, NULL, NULL, 0, NOW(), NOW());
INSERT INTO `vocab_structure` (id, word_id, sense_id, pattern, structure_order, create_time, update_time) VALUES (265, 64, 69, '<key>暗中</key>+V（打听/走访/保护/观察/监视/操纵/勾结/串通/行贿/较量/做手脚）', 0, NOW(), NOW());
INSERT INTO `vocab_example` (id, word_id, sense_id, structure_id, sentence, audio_id, pinyin, translations, example_order, create_time, update_time) VALUES (265, 64, 69, 265, '记者<key>暗中</key>走访了好几家单位，试图了解此次事件的真实情况。', NULL, NULL, NULL, 0, NOW(), NOW());
INSERT INTO `vocab_word` (id, word, word_traditional, pinyin, audio_id, hsk_level, create_time, update_time) VALUES (65, '昂贵', NULL, 'ángguì', NULL, NULL, NOW(), NOW());
INSERT INTO `vocab_sense` (id, word_id, part_of_speech, chinese_def, def_audio_id, translations, synonyms, antonyms, related_forward, related_backward, sense_order, create_time, update_time) VALUES (70, 65, 'adj.', '〈正式〉某个东西非常贵，价格特别高；比喻做某件事情的代价特别高。', NULL, '[{"lang": "en", "text": "very expensive; costly"}]', NULL, '低廉', NULL, NULL, 0, NOW(), NOW());
INSERT INTO `vocab_structure` (id, word_id, sense_id, pattern, structure_order, create_time, update_time) VALUES (266, 65, 70, 'Sub（Sth/物价/价格/费用）+（很/十分/非常/极其+）<key>昂贵</key>', 0, NOW(), NOW());
INSERT INTO `vocab_example` (id, word_id, sense_id, structure_id, sentence, audio_id, pinyin, translations, example_order, create_time, update_time) VALUES (266, 65, 70, 266, '这种跑车十分<key>昂贵</key>，全世界一共只有十辆。', NULL, NULL, NULL, 0, NOW(), NOW());
INSERT INTO `vocab_structure` (id, word_id, sense_id, pattern, structure_order, create_time, update_time) VALUES (267, 2, 2, '<key>昂贵</key>+的+N（礼物/费用/活动/运动）', 0, NOW(), NOW());
INSERT INTO `vocab_example` (id, word_id, sense_id, structure_id, sentence, audio_id, pinyin, translations, example_order, create_time, update_time) VALUES (267, 2, 2, 267, '我不能接受这么<key>昂贵</key>的礼物。', NULL, NULL, NULL, 0, NOW(), NOW());
INSERT INTO `vocab_structure` (id, word_id, sense_id, pattern, structure_order, create_time, update_time) VALUES (268, 2, 2, '<key>昂贵</key>+的+代价', 0, NOW(), NOW());
INSERT INTO `vocab_example` (id, word_id, sense_id, structure_id, sentence, audio_id, pinyin, translations, example_order, create_time, update_time) VALUES (268, 2, 2, 268, '他被学校开除了，为作弊付出了<key>昂贵</key>的代价。', NULL, NULL, NULL, 0, NOW(), NOW());
INSERT INTO `vocab_word` (id, word, word_traditional, pinyin, audio_id, hsk_level, create_time, update_time) VALUES (66, '昂扬', NULL, 'ángyáng', NULL, NULL, NOW(), NOW());
INSERT INTO `vocab_sense` (id, word_id, part_of_speech, chinese_def, def_audio_id, translations, synonyms, antonyms, related_forward, related_backward, sense_order, create_time, update_time) VALUES (71, 66, 'adj.', '形容情绪很积极或者声音很大。', NULL, '[{"lang": "en", "text": "excited; spirited; (of emotion, voice, etc.) high"}]', NULL, NULL, NULL, NULL, 0, NOW(), NOW());
INSERT INTO `vocab_structure` (id, word_id, sense_id, pattern, structure_order, create_time, update_time) VALUES (269, 66, 71, 'Sub（意气/斗志/情绪/歌声/声音）+（很+）<key>昂扬</key>', 0, NOW(), NOW());
INSERT INTO `vocab_example` (id, word_id, sense_id, structure_id, sentence, audio_id, pinyin, translations, example_order, create_time, update_time) VALUES (269, 66, 71, 269, '刚毕业的大学生意气<key>昂扬</key>。', NULL, NULL, NULL, 0, NOW(), NOW());
INSERT INTO `vocab_structure` (id, word_id, sense_id, pattern, structure_order, create_time, update_time) VALUES (270, 2, 2, '<key>昂扬</key>+的+N（斗志/情绪/精神/歌声/声音）', 0, NOW(), NOW());
INSERT INTO `vocab_example` (id, word_id, sense_id, structure_id, sentence, audio_id, pinyin, translations, example_order, create_time, update_time) VALUES (270, 2, 2, 270, '队员们<key>昂扬</key>的斗志让我很感动，我觉得我们一定能按时完成任务。', NULL, NULL, NULL, 0, NOW(), NOW());
INSERT INTO `vocab_word` (id, word, word_traditional, pinyin, audio_id, hsk_level, create_time, update_time) VALUES (67, '凹', NULL, 'āo', NULL, NULL, NOW(), NOW());
INSERT INTO `vocab_sense` (id, word_id, part_of_speech, chinese_def, def_audio_id, translations, synonyms, antonyms, related_forward, related_backward, sense_order, create_time, update_time) VALUES (72, 67, 'adj.', '中间比周围低的。', NULL, '[{"lang": "en", "text": "sunken; dented"}]', NULL, '凸', NULL, NULL, 0, NOW(), NOW());
INSERT INTO `vocab_structure` (id, word_id, sense_id, pattern, structure_order, create_time, update_time) VALUES (271, 67, 72, 'V（撞/压/打）+<key>凹</key>+了', 0, NOW(), NOW());
INSERT INTO `vocab_example` (id, word_id, sense_id, structure_id, sentence, audio_id, pinyin, translations, example_order, create_time, update_time) VALUES (271, 67, 72, 271, '他的车被撞<key>凹</key>了，他特别生气。', NULL, NULL, NULL, 0, NOW(), NOW());
INSERT INTO `vocab_structure` (id, word_id, sense_id, pattern, structure_order, create_time, update_time) VALUES (272, 2, 2, '<key>凹</key>（+的）+痕/处', 0, NOW(), NOW());
INSERT INTO `vocab_example` (id, word_id, sense_id, structure_id, sentence, audio_id, pinyin, translations, example_order, create_time, update_time) VALUES (272, 2, 2, 272, '墙面上有一处<key>凹</key>痕，不知道是怎么弄的。', NULL, NULL, NULL, 0, NOW(), NOW());
INSERT INTO `vocab_structure` (id, word_id, sense_id, pattern, structure_order, create_time, update_time) VALUES (273, 2, 2, '<key>凹</key>+进去/下去', 0, NOW(), NOW());
INSERT INTO `vocab_example` (id, word_id, sense_id, structure_id, sentence, audio_id, pinyin, translations, example_order, create_time, update_time) VALUES (273, 2, 2, 273, '地板怎么<key>凹</key>下去了，是不是下面进水了？', NULL, NULL, NULL, 0, NOW(), NOW());
INSERT INTO `vocab_word` (id, word, word_traditional, pinyin, audio_id, hsk_level, create_time, update_time) VALUES (68, '凹凸', NULL, 'āotū', NULL, NULL, NOW(), NOW());
INSERT INTO `vocab_sense` (id, word_id, part_of_speech, chinese_def, def_audio_id, translations, synonyms, antonyms, related_forward, related_backward, sense_order, create_time, update_time) VALUES (73, 68, 'adj.', '平面上有的地方高，有的地方低，高低不平。', NULL, '[{"lang": "en", "text": "uneven; bumpy"}]', NULL, NULL, NULL, NULL, 0, NOW(), NOW());
INSERT INTO `vocab_structure` (id, word_id, sense_id, pattern, structure_order, create_time, update_time) VALUES (274, 68, 73, 'Sub（地面/阴影/墙面/平面）+<key>凹凸</key>', 0, NOW(), NOW());
INSERT INTO `vocab_example` (id, word_id, sense_id, structure_id, sentence, audio_id, pinyin, translations, example_order, create_time, update_time) VALUES (274, 68, 73, 274, '这个地方年代很久了，地面<key>凹凸</key>。', NULL, NULL, NULL, 0, NOW(), NOW());
INSERT INTO `vocab_structure` (id, word_id, sense_id, pattern, structure_order, create_time, update_time) VALUES (275, 2, 2, '<key>凹凸</key>+的+N（地面/墙面/平面/设计）', 0, NOW(), NOW());
INSERT INTO `vocab_example` (id, word_id, sense_id, structure_id, sentence, audio_id, pinyin, translations, example_order, create_time, update_time) VALUES (275, 2, 2, 275, '这种<key>凹凸</key>的地面是为眼睛看不见的人设计的。', NULL, NULL, NULL, 0, NOW(), NOW());
INSERT INTO `vocab_structure` (id, word_id, sense_id, pattern, structure_order, create_time, update_time) VALUES (276, 2, 2, '<key>凹凸</key>+不平/有致/起伏', 0, NOW(), NOW());
INSERT INTO `vocab_example` (id, word_id, sense_id, structure_id, sentence, audio_id, pinyin, translations, example_order, create_time, update_time) VALUES (276, 2, 2, 276, '车子被冰雹砸得<key>凹凸</key>不平。', NULL, NULL, NULL, 0, NOW(), NOW());
INSERT INTO `vocab_word` (id, word, word_traditional, pinyin, audio_id, hsk_level, create_time, update_time) VALUES (69, '熬', NULL, 'áo', NULL, NULL, NOW(), NOW());
INSERT INTO `vocab_sense` (id, word_id, part_of_speech, chinese_def, def_audio_id, translations, synonyms, antonyms, related_forward, related_backward, sense_order, create_time, update_time) VALUES (74, 69, 'v.', '把食物或者中药等和水一起放在锅里用小火长时间地煮。', NULL, '[{"lang": "en", "text": "to boil; to stew"}]', NULL, NULL, NULL, NULL, 0, NOW(), NOW());
INSERT INTO `vocab_structure` (id, word_id, sense_id, pattern, structure_order, create_time, update_time) VALUES (277, 69, 74, '<key>熬</key>+O（粥/鸡汤/中药）', 0, NOW(), NOW());
INSERT INTO `vocab_example` (id, word_id, sense_id, structure_id, sentence, audio_id, pinyin, translations, example_order, create_time, update_time) VALUES (277, 69, 74, 277, '我妈妈很会<key>熬</key>粥，冬天总给我们<key>熬</key>红豆粥。', NULL, NULL, NULL, 0, NOW(), NOW());
INSERT INTO `vocab_structure` (id, word_id, sense_id, pattern, structure_order, create_time, update_time) VALUES (278, 2, 2, '<key>熬</key>+熟/糊/坏/好/完/出来/Time[多长时间]', 0, NOW(), NOW());
INSERT INTO `vocab_example` (id, word_id, sense_id, structure_id, sentence, audio_id, pinyin, translations, example_order, create_time, update_time) VALUES (278, 2, 2, 278, '今天的粥水放少了，结果<key>熬</key>糊了。', NULL, NULL, NULL, 0, NOW(), NOW());
INSERT INTO `vocab_structure` (id, word_id, sense_id, pattern, structure_order, create_time, update_time) VALUES (279, 2, 2, '<key>熬</key>+得+（很/不+）好/好喝/浓/淡/稠/浓淡合适', 0, NOW(), NOW());
INSERT INTO `vocab_example` (id, word_id, sense_id, structure_id, sentence, audio_id, pinyin, translations, example_order, create_time, update_time) VALUES (279, 2, 2, 279, '我妈妈<key>熬</key>鸡汤<key>熬</key>得特别好。', NULL, NULL, NULL, 0, NOW(), NOW());
INSERT INTO `vocab_structure` (id, word_id, sense_id, pattern, structure_order, create_time, update_time) VALUES (280, 2, 2, '耐心/容易/好/不好/慢慢（+地）+<key>熬</key>', 0, NOW(), NOW());
INSERT INTO `vocab_example` (id, word_id, sense_id, structure_id, sentence, audio_id, pinyin, translations, example_order, create_time, update_time) VALUES (280, 2, 2, 280, '妈妈耐心地给奶奶<key>熬</key>中药。', NULL, NULL, NULL, 0, NOW(), NOW());
INSERT INTO `vocab_structure` (id, word_id, sense_id, pattern, structure_order, create_time, update_time) VALUES (281, 2, 3, '<key>熬</key>+O（夜/时间/通宵/年头）', 0, NOW(), NOW());
INSERT INTO `vocab_example` (id, word_id, sense_id, structure_id, sentence, audio_id, pinyin, translations, example_order, create_time, update_time) VALUES (281, 2, 3, 281, '她不喜欢这个工作，天天上班就是<key>熬</key>时间。', NULL, NULL, NULL, 0, NOW(), NOW());
INSERT INTO `vocab_structure` (id, word_id, sense_id, pattern, structure_order, create_time, update_time) VALUES (282, 2, 2, '容易/好/不好+<key>熬</key>', 0, NOW(), NOW());
INSERT INTO `vocab_example` (id, word_id, sense_id, structure_id, sentence, audio_id, pinyin, translations, example_order, create_time, update_time) VALUES (282, 2, 2, 282, '你放心出去吧，我在家里等你，一年的时间还是很容易<key>熬</key>的。', NULL, NULL, NULL, 0, NOW(), NOW());
INSERT INTO `vocab_structure` (id, word_id, sense_id, pattern, structure_order, create_time, update_time) VALUES (283, 2, 2, '<key>熬</key>+白/瘦/死/坏/成/到/过来/过去/出来/出头/一辈子', 0, NOW(), NOW());
INSERT INTO `vocab_example` (id, word_id, sense_id, structure_id, sentence, audio_id, pinyin, translations, example_order, create_time, update_time) VALUES (283, 2, 2, 283, '为了帮他凑学费，妈妈的头发都<key>熬</key>白了。', NULL, NULL, NULL, 0, NOW(), NOW());
INSERT INTO `vocab_structure` (id, word_id, sense_id, pattern, structure_order, create_time, update_time) VALUES (284, 2, 2, '<key>熬</key>+得/不+住/成/过去/出来', 0, NOW(), NOW());
INSERT INTO `vocab_example` (id, word_id, sense_id, structure_id, sentence, audio_id, pinyin, translations, example_order, create_time, update_time) VALUES (284, 2, 2, 284, '天天加班，你身体<key>熬</key>得住吗？', NULL, NULL, NULL, 0, NOW(), NOW());
INSERT INTO `vocab_word` (id, word, word_traditional, pinyin, audio_id, hsk_level, create_time, update_time) VALUES (70, '熬夜', NULL, 'áo∥yè', NULL, NULL, NOW(), NOW());
INSERT INTO `vocab_sense` (id, word_id, part_of_speech, chinese_def, def_audio_id, translations, synonyms, antonyms, related_forward, related_backward, sense_order, create_time, update_time) VALUES (75, 70, 'v.o.', '夜里很晚或者整个晚上不睡觉。', NULL, '[{"lang": "en", "text": "to stay up late or all night"}]', NULL, NULL, NULL, NULL, 0, NOW(), NOW());
INSERT INTO `vocab_structure` (id, word_id, sense_id, pattern, structure_order, create_time, update_time) VALUES (285, 70, 75, '<key>熬</key>+（Time[多长时间]/Num[几]次/了/过+）<key>夜</key>', 0, NOW(), NOW());
INSERT INTO `vocab_example` (id, word_id, sense_id, structure_id, sentence, audio_id, pinyin, translations, example_order, create_time, update_time) VALUES (285, 70, 75, 285, '他<key>熬</key>了几天<key>夜</key>，眼圈<SMALL>儿</SMALL>都黑了。', NULL, NULL, NULL, 0, NOW(), NOW());
INSERT INTO `vocab_structure` (id, word_id, sense_id, pattern, structure_order, create_time, update_time) VALUES (286, 2, 2, '<key>熬夜</key>+V（写/看/加班/工作）', 0, NOW(), NOW());
INSERT INTO `vocab_example` (id, word_id, sense_id, structure_id, sentence, audio_id, pinyin, translations, example_order, create_time, update_time) VALUES (286, 2, 2, 286, '他常常<key>熬夜</key>写小说，因为他觉得半夜脑子最好用。', NULL, NULL, NULL, 0, NOW(), NOW());
INSERT INTO `vocab_structure` (id, word_id, sense_id, pattern, structure_order, create_time, update_time) VALUES (287, 2, 2, '别/不要/经常/天天+<key>熬夜</key>', 0, NOW(), NOW());
INSERT INTO `vocab_example` (id, word_id, sense_id, structure_id, sentence, audio_id, pinyin, translations, example_order, create_time, update_time) VALUES (287, 2, 2, 287, '别<key>熬夜</key>，对你身体不好。', NULL, NULL, NULL, 0, NOW(), NOW());
INSERT INTO `vocab_word` (id, word, word_traditional, pinyin, audio_id, hsk_level, create_time, update_time) VALUES (71, '袄', NULL, 'ǎo', NULL, NULL, NOW(), NOW());
INSERT INTO `vocab_sense` (id, word_id, part_of_speech, chinese_def, def_audio_id, translations, synonyms, antonyms, related_forward, related_backward, sense_order, create_time, update_time) VALUES (76, 71, 'n.', '〈非正式〉一种比较厚的中式上衣，里面夹着棉花等比较暖和的东西。现在一般不单独说。', NULL, '[{"lang": "en", "text": "a lined Chinese-style coat or jacket"}]', NULL, NULL, NULL, NULL, 0, NOW(), NOW());
INSERT INTO `vocab_structure` (id, word_id, sense_id, pattern, structure_order, create_time, update_time) VALUES (288, 71, 76, '这/那/Num[几]+件+<key>袄</key>', 0, NOW(), NOW());
INSERT INTO `vocab_example` (id, word_id, sense_id, structure_id, sentence, audio_id, pinyin, translations, example_order, create_time, update_time) VALUES (288, 71, 76, 288, '这几件<key>袄</key>都是以前爷爷穿过的。', NULL, NULL, NULL, 0, NOW(), NOW());
INSERT INTO `vocab_structure` (id, word_id, sense_id, pattern, structure_order, create_time, update_time) VALUES (289, 2, 2, 'Modifier（夹/皮/棉/新/小/短/红/破/花）+<key>袄</key>', 0, NOW(), NOW());
INSERT INTO `vocab_example` (id, word_id, sense_id, structure_id, sentence, audio_id, pinyin, translations, example_order, create_time, update_time) VALUES (289, 2, 2, 289, '这是羊皮<key>袄</key>，冬天穿很暖和。', NULL, NULL, NULL, 0, NOW(), NOW());
INSERT INTO `vocab_word` (id, word, word_traditional, pinyin, audio_id, hsk_level, create_time, update_time) VALUES (72, '傲慢', NULL, 'àomàn', NULL, NULL, NOW(), NOW());
INSERT INTO `vocab_sense` (id, word_id, part_of_speech, chinese_def, def_audio_id, translations, synonyms, antonyms, related_forward, related_backward, sense_order, create_time, update_time) VALUES (77, 72, 'adj.', '觉得自己了不起，看不起别人，对别人没有礼貌。多含贬义。', NULL, '[{"lang": "en", "text": "arrogant; haughty; overbearing"}]', NULL, NULL, NULL, NULL, 0, NOW(), NOW());
INSERT INTO `vocab_structure` (id, word_id, sense_id, pattern, structure_order, create_time, update_time) VALUES (290, 72, 77, 'Sub（Sb/态度/样子）+很/特别+<key>傲慢</key>', 0, NOW(), NOW());
INSERT INTO `vocab_example` (id, word_id, sense_id, structure_id, sentence, audio_id, pinyin, translations, example_order, create_time, update_time) VALUES (290, 72, 77, 290, '这个人的态度特别<key>傲慢</key>，我们都不想接待他。', NULL, NULL, NULL, 0, NOW(), NOW());
INSERT INTO `vocab_structure` (id, word_id, sense_id, pattern, structure_order, create_time, update_time) VALUES (291, 2, 2, 'Sb1+对+Sb2+很+<key>傲慢</key>', 0, NOW(), NOW());
INSERT INTO `vocab_example` (id, word_id, sense_id, structure_id, sentence, audio_id, pinyin, translations, example_order, create_time, update_time) VALUES (291, 2, 2, 291, '小王对人很<key>傲慢</key>，见到同事从来不打招呼。', NULL, NULL, NULL, 0, NOW(), NOW());
INSERT INTO `vocab_structure` (id, word_id, sense_id, pattern, structure_order, create_time, update_time) VALUES (292, 2, 2, '<key>傲慢</key>+的+N（样子/态度/神情）', 0, NOW(), NOW());
INSERT INTO `vocab_example` (id, word_id, sense_id, structure_id, sentence, audio_id, pinyin, translations, example_order, create_time, update_time) VALUES (292, 2, 2, 292, '这个女明星<key>傲慢</key>的样子让人讨厌，很多人都批评她不够虚心。', NULL, NULL, NULL, 0, NOW(), NOW());
INSERT INTO `vocab_structure` (id, word_id, sense_id, pattern, structure_order, create_time, update_time) VALUES (293, 2, 2, '<key>傲慢</key>+地+V（说/走/看）', 0, NOW(), NOW());
INSERT INTO `vocab_example` (id, word_id, sense_id, structure_id, sentence, audio_id, pinyin, translations, example_order, create_time, update_time) VALUES (293, 2, 2, 293, '他<key>傲慢</key>地对大家说他不接受任何人的批评，他是不会改变的。', NULL, NULL, NULL, 0, NOW(), NOW());
INSERT INTO `vocab_structure` (id, word_id, sense_id, pattern, structure_order, create_time, update_time) VALUES (294, 2, 2, '<key>傲慢</key>无礼', 0, NOW(), NOW());
INSERT INTO `vocab_example` (id, word_id, sense_id, structure_id, sentence, audio_id, pinyin, translations, example_order, create_time, update_time) VALUES (294, 2, 2, 294, '他特别谦虚，从来没有<key>傲慢</key>无礼过。', NULL, NULL, NULL, 0, NOW(), NOW());
INSERT INTO `vocab_word` (id, word, word_traditional, pinyin, audio_id, hsk_level, create_time, update_time) VALUES (73, '奥秘', NULL, 'àomì', NULL, NULL, NOW(), NOW());
INSERT INTO `vocab_sense` (id, word_id, part_of_speech, chinese_def, def_audio_id, translations, synonyms, antonyms, related_forward, related_backward, sense_order, create_time, update_time) VALUES (78, 73, 'n.', '不容易理解，没有被认识的道理或者秘密。', NULL, '[{"lang": "en", "text": "profound mystery"}]', NULL, NULL, NULL, NULL, 0, NOW(), NOW());
INSERT INTO `vocab_structure` (id, word_id, sense_id, pattern, structure_order, create_time, update_time) VALUES (295, 73, 78, 'Modifier（宇宙/生命/自然/人体/人类/成功）+的+<key>奥秘</key>', 0, NOW(), NOW());
INSERT INTO `vocab_example` (id, word_id, sense_id, structure_id, sentence, audio_id, pinyin, translations, example_order, create_time, update_time) VALUES (295, 73, 78, 295, '宇宙的<key>奥秘</key>吸引着一代一代科学家去探索。', NULL, NULL, NULL, 0, NOW(), NOW());
INSERT INTO `vocab_structure` (id, word_id, sense_id, pattern, structure_order, create_time, update_time) VALUES (296, 2, 2, 'V（探寻/探索/揭开/解开/了解）+<key>奥秘</key>', 0, NOW(), NOW());
INSERT INTO `vocab_example` (id, word_id, sense_id, structure_id, sentence, audio_id, pinyin, translations, example_order, create_time, update_time) VALUES (296, 2, 2, 296, '为了探寻宇宙的<key>奥秘</key>，他阅读了很多书籍，收集了大量资料，做了很多研究。', NULL, NULL, NULL, 0, NOW(), NOW());
INSERT INTO `vocab_word` (id, word, word_traditional, pinyin, audio_id, hsk_level, create_time, update_time) VALUES (74, '奥运会', NULL, 'Àoyùnhuì', NULL, NULL, NOW(), NOW());
INSERT INTO `vocab_sense` (id, word_id, part_of_speech, chinese_def, def_audio_id, translations, synonyms, antonyms, related_forward, related_backward, sense_order, create_time, update_time) VALUES (79, 74, 'n.', '“奥林匹克运动会”的简称。世界性的综合运动会，每四年举行一次。', NULL, '[{"lang": "en", "text": "Olympic Games; Olympiad"}]', NULL, NULL, NULL, NULL, 0, NOW(), NOW());
INSERT INTO `vocab_structure` (id, word_id, sense_id, pattern, structure_order, create_time, update_time) VALUES (297, 74, 79, '（第+）Num[几]+届/次+<key>奥运会</key>', 0, NOW(), NOW());
INSERT INTO `vocab_example` (id, word_id, sense_id, structure_id, sentence, audio_id, pinyin, translations, example_order, create_time, update_time) VALUES (297, 74, 79, 297, '历史上第一届现代<key>奥运会</key>是1896年在希腊雅典举行的。', NULL, NULL, NULL, 0, NOW(), NOW());
INSERT INTO `vocab_structure` (id, word_id, sense_id, pattern, structure_order, create_time, update_time) VALUES (298, 2, 2, 'V（举行/举办/申办/准备/参加）+<key>奥运会</key>', 0, NOW(), NOW());
INSERT INTO `vocab_example` (id, word_id, sense_id, structure_id, sentence, audio_id, pinyin, translations, example_order, create_time, update_time) VALUES (298, 2, 2, 298, '法国巴黎将在2024年举行<key>奥运会</key>。', NULL, NULL, NULL, 0, NOW(), NOW());
INSERT INTO `vocab_structure` (id, word_id, sense_id, pattern, structure_order, create_time, update_time) VALUES (299, 2, 2, '<key>奥运会</key>（+的）+N（标志/比赛/主席/开幕式/闭幕式/项目/冠军/吉祥物）', 0, NOW(), NOW());
INSERT INTO `vocab_example` (id, word_id, sense_id, structure_id, sentence, audio_id, pinyin, translations, example_order, create_time, update_time) VALUES (299, 2, 2, 299, '这是2022年北京冬季<key>奥运会</key>的项目。', NULL, NULL, NULL, 0, NOW(), NOW());
INSERT INTO `vocab_structure` (id, word_id, sense_id, pattern, structure_order, create_time, update_time) VALUES (300, 2, 2, 'Modifier（冬季/夏季/残疾人）+<key>奥运会</key>', 0, NOW(), NOW());
INSERT INTO `vocab_example` (id, word_id, sense_id, structure_id, sentence, audio_id, pinyin, translations, example_order, create_time, update_time) VALUES (300, 2, 2, 300, '北京和张家口联合举办了2022年冬季<key>奥运会</key>。', NULL, NULL, NULL, 0, NOW(), NOW());